date_time_start,pscis_crossing_id,my_crossing_reference,crew_members,aggregated_crossings_id,camera_id,site_id,gps_id,moti_chris_culvert_id,gps_waypoint_number,stream_name,road_name,road_km_mark,road_tenure,crossing_type,crossing_subtype,crossing_fix,diameter_or_span_meters,length_or_width_meters,assessment_comment,rowid,date,utm_zone,easting,northing,continuous_embeddedment_yes_no,average_depth_embededdment_meters,resemble_channel_yes_no,backwatered_yes_no,percentage_backwatered,fill_depth_meters,outlet_drop_meters,outlet_pool_depth_0_01m,inlet_drop_yes_no,culvert_slope_percent,downstream_channel_width_meters,stream_slope,beaver_activity_yes_no,fish_observed_yes_no,valley_fill,habitat_value,stream_width_ratio,culvert_length_score,embed_score,outlet_drop_score,culvert_slope_score,stream_width_ratio_score,final_score,barrier_result,recommended_diameter_or_span_meters,source,time_start,mergin_user,erosion_issues,embankment_fill_issues,blockage_issues,condition_rank,condition_notes,likelihood_flood_event_affecting_culvert,consequence_flood_event_affecting_culvert,climate_change_flood_risk,vulnerability_rank,climate_notes,traffic_volume,community_access,cost,constructability,fish_bearing,environmental_impacts,priority_rank,overall_rank,priority_notes,photo_road,photo_upstream,photo_downstream,photo_inlet,photo_barrel,photo_outlet,photo_condition,photo_embankment_fill,photo_blockage,photo_paper_card,photo_extra1,photo_extra2,photo_extra1_tag,photo_extra2_tag,link_method_phase1,assess_type_phase1,assess_type_reassessment,assess_type_phase2,fish_sampling,assessment_comments_og,time_correct,my_priority
2024-10-03T23:59:24Z,7622,,AI SC,,newgraph_airvine,7622,newgraph_airvine,1794196,111,Burnt Cabin Creek,Stella Road,,MoTI,Closed Bottom Structure,Round Culvert,,1.15,30,"The culvert is undersized for current flow volumes, as indicated by a very large 1.15m outlet drop. Habitat confirmation was completed upstream, downstream, and below Gala Bay Road.",,2024-10-03,10,388735,5997152,No,,No,No,,2.2,1.15,0.43,No,5,2,5,No,No,Deep Fill,Medium,,,,,,,,,,,,newgraph_airvine,2,1,1,4,"Severe erosion at the outlet has caused significant downcutting and a large outlet pool. Overall, the culvert and road prism are in good condition.",3,2,6,10,"The culvert appears undersized, as indicated by the large outlet drop and outlet pool. Downstream, recreational properties, small cabins, and an unpaved road could be impacted by a blowout.",1,1,8,5,10,8,33,43,,ignore_mobile/photos/20241003_170240.jpg,ignore_mobile/photos/20241003_171402.jpg,ignore_mobile/photos/20241003_170251.jpg,ignore_mobile/photos/20241003_171407.jpg,ignore_mobile/photos/20241003_170242.jpg,ignore_mobile/photos/20241003_170248.jpg,,,,,,,,,"<!DOCTYPE HTML PUBLIC ""-//W3C//DTD HTML 4.0//EN"" ""http://www.w3.org/TR/REC-html40/strict.dtd"">
<html><head><meta name=""qrichtext"" content=""1"" /><style type=""text/css"">
p, li { white-space: pre-wrap; }
</style></head><body style="" font-family:'.AppleSystemUIFont'; font-size:13pt; font-weight:400; font-style:normal;"">
<p style="" margin-top:0px; margin-bottom:0px; margin-left:0px; margin-right:0px; -qt-block-indent:0; text-indent:0px;""><a href=""https://www2.gov.bc.ca/assets/gov/environment/natural-resource-stewardship/land-based-investment/forests-for-tomorrow/field-assessment-for-determining-fish-passage-status-of-cbs.pdf/""><span style="" font-family:'Inter'; font-size:14px; text-decoration: underline; color:#007aff;"">Link to Methods for Fish Passage Assessment</span></a></p></body></html>",,,Yes,,"The culvert is undersized for current flow volumes, as indicated by a very large 1.15m outlet drop. Habitat confirmation was completed upstream, downstream, and below Gala Bay Road.",FALSE,high
2024-10-03T21:25:18Z,199171,5400202,LS ,,newgraph_lschick,5400202,newgraph_lschick,1790951,396,Burnt Cabin Creek ,Gala bay road ,,MOTI,Closed Bottom Structure,Round Culvert,,1.05,11.5,"The local name of the stream is Burnt Cabin Creek. It had a large outlet drop and a heavily eroded outlet pool, indicating the culvert was undersized. The stream provided complex habitat for fish with abundant cover. The low-traffic dirt road had minimal road fill, making construction relatively straightforward. 
",,2024-10-03,10,388944,5997001,No,,No,No,,0.5,0.9,0.35,No,7,3.1,3,No,No,Deep Fill,Medium,,,,,,,,,,,,newgraph_lschick,1,2,1,4,"The culvert was in good condition. There was severe erosion under the outlet of the pipe, indicating it was significantly undersized for the stream.",3,3,9,13,The culvert was significantly undersized for the stream. A flood could likely wash out the road due to minimal road fill.,1,8,9,9,0,5,32,45,,ignore_mobile/photos/20241003_143200.jpg,ignore_mobile/photos/20241003_145410.jpg,ignore_mobile/photos/20241003_143213.jpg,ignore_mobile/photos/20241003_143208.jpg,ignore_mobile/photos/20241003_143202.jpg,ignore_mobile/photos/20241003_143211.jpg,,,,ignore_mobile/photos/20241003_145735.jpg,ignore_mobile/photos/20241003_143217.jpg,,Local name ,,"<!DOCTYPE HTML PUBLIC ""-//W3C//DTD HTML 4.0//EN"" ""http://www.w3.org/TR/REC-html40/strict.dtd"">
<html><head><meta name=""qrichtext"" content=""1"" /><style type=""text/css"">
p, li { white-space: pre-wrap; }
</style></head><body style="" font-family:'.AppleSystemUIFont'; font-size:13pt; font-weight:400; font-style:normal;"">
<p style="" margin-top:0px; margin-bottom:0px; margin-left:0px; margin-right:0px; -qt-block-indent:0; text-indent:0px;""><a href=""https://www2.gov.bc.ca/assets/gov/environment/natural-resource-stewardship/land-based-investment/forests-for-tomorrow/field-assessment-for-determining-fish-passage-status-of-cbs.pdf/""><span style="" font-family:'Inter'; font-size:14px; text-decoration: underline; color:#0984ff;"">Link to Methods for Fish Passage Assessment</span></a></p></body></html>",,,Yes,,"Local name of stream is Burnt Cabin Creek. Nice dream with a huge outlet drop. Outlet pool is quite big and eroded indicating the culvert is under size for the size of the stream. Low traffic dirt road with not much Phil, so construction would be relatively easy.          
",FALSE,high
2024-10-04T16:44:03Z,199172,5400203,AI,,newgraph_airvine,5400203,newgraph_airvine,1794199,112,Scotch Creek,Stella Road,,MoTi ,Closed Bottom Structure,Round Culvert,,1.1,25,"The culvert was very undersized for the stream, as evidenced by the large outlet drop. The stream had a good amount of flow for the time of year. Habitat was of medium value, with abundant large woody debris creating complex habitat and pools, providing ample cover for fish. Adjacent landowners reported that the stream was previously used as a water source for bottling and distribution across the province. Habitat confirmation was completed upstream and downstream.",,2024-10-04,10,388269,5996948,No,,No,No,,4,1.35,0.28,No,5,2,0,No,No,Deep Fill,Medium,,,,,,,,,,,,newgraph_airvine,4,1,1,6,"The pipe was significantly bent left to right along the bottom two-thirds, with the upper side bent upward for the top 6m. There was extensive erosion at the old outlet, with a very large outlet drop, indicating the culvert was severely undersized for the stream.",4,2,8,14,"The large outlet drop indicated that the pipe was undersized for the stream and may not accommodate major runoff or precipitation events. Downstream, recreational residences could be affected.",1,1,3,4,10,8,27,41,,ignore_mobile/photos/20241004_095834.jpg,ignore_mobile/photos/20241004_095841.jpg,ignore_mobile/photos/20241004_095849.jpg,ignore_mobile/photos/20241004_095844.jpg,ignore_mobile/photos/20241004_095837.jpg,ignore_mobile/photos/20241004_095847.jpg,ignore_mobile/photos/20241004_095910.jpg,,,ignore_mobile/photos/20241004_100157.jpg,,,,,"<!DOCTYPE HTML PUBLIC ""-//W3C//DTD HTML 4.0//EN"" ""http://www.w3.org/TR/REC-html40/strict.dtd"">
<html><head><meta name=""qrichtext"" content=""1"" /><style type=""text/css"">
p, li { white-space: pre-wrap; }
</style></head><body style="" font-family:'.AppleSystemUIFont'; font-size:13pt; font-weight:400; font-style:normal;"">
<p style="" margin-top:0px; margin-bottom:0px; margin-left:0px; margin-right:0px; -qt-block-indent:0; text-indent:0px;""><a href=""https://www2.gov.bc.ca/assets/gov/environment/natural-resource-stewardship/land-based-investment/forests-for-tomorrow/field-assessment-for-determining-fish-passage-status-of-cbs.pdf/""><span style="" font-family:'Inter'; font-size:14px; text-decoration: underline; color:#007aff;"">Link to Methods for Fish Passage Assessment</span></a></p></body></html>",,,Yes,,Good amount of flow for this time of year. Adjacent landowners report that this stream was previously used as a source of water that was bottled and distributed throughout the province. Culvert is likely very undersized as evidenced by the large outlet drop.     Habitat confirmation assessment completed upstream and downstream               ,FALSE,high
2024-10-04T17:39:14Z,199328,5400201,AI,,newgraph_airvine,5400201,newgraph_airvine,1790947,113,Scotch Creek,Gala Bay Road,,MoTi,Closed Bottom Structure,Round Culvert,,1.4,13,"Two fully embedded PVC pipes, each 0.7m in diameter. One pipe was completely backwatered. Medium-value habitat was observed, with extensive gravels suitable for spawning upstream and downstream. A historic Chinook spawning point was recorded adjacent to the road. Habitat confirmations were conducted upstream, downstream, and above Stella Road.   ",,2024-10-04,10,388380,5996779,Yes,0.35,Yes,Yes,100,1.5,0,0.1,No,0.5,2,1.5,No,No,Deep Fill,Medium,,,,,,,,,,,,newgraph_airvine,1,1,1,3,"Relatively new structures, in good condition with no evidence of issues at the road.",1,1,1,4,"The significant embedment suggested that over time, the pipes could become clogged, potentially requiring maintenance to prevent a road washout.",1,5,8,8,10,9,41,45,,ignore_mobile/photos/20241004_104951.jpg,ignore_mobile/photos/20241004_105003.jpg,ignore_mobile/photos/20241004_105016.jpg,ignore_mobile/photos/20241004_105010.jpg,ignore_mobile/photos/20241004_104955.jpg,ignore_mobile/photos/20241004_105013.jpg,,,,ignore_mobile/photos/20241004_105257.jpg,ignore_mobile/photos/20241004_105022.jpg,,Barrel2,,"<!DOCTYPE HTML PUBLIC ""-//W3C//DTD HTML 4.0//EN"" ""http://www.w3.org/TR/REC-html40/strict.dtd"">
<html><head><meta name=""qrichtext"" content=""1"" /><style type=""text/css"">
p, li { white-space: pre-wrap; }
</style></head><body style="" font-family:'.AppleSystemUIFont'; font-size:13pt; font-weight:400; font-style:normal;"">
<p style="" margin-top:0px; margin-bottom:0px; margin-left:0px; margin-right:0px; -qt-block-indent:0; text-indent:0px;""><a href=""https://www2.gov.bc.ca/assets/gov/environment/natural-resource-stewardship/land-based-investment/forests-for-tomorrow/field-assessment-for-determining-fish-passage-status-of-cbs.pdf/""><span style="" font-family:'Inter'; font-size:14px; text-decoration: underline; color:#007aff;"">Link to Methods for Fish Passage Assessment</span></a></p></body></html>",,,Yes,," Two fully embedded PVC pipes at 0.7 m each. One of the pipes is 100% back watered. Extensive gravel, upstream and downstream with historic Chinnook point recorded adjacent to the road.          ",FALSE,mod
2024-10-04T17:13:41Z,203297,2024100450,LS ,,newgraph_lschick,2024100450,newgraph_lschick,,399,Scotch creek ,Private driveway,,Private,Closed Bottom Structure,Round Culvert,,1.05,7.5,"Two pipes, 0.6m and 0.45m in diameter, were present. There was a 0.7m outlet drop, and only the larger pipe conveyed flow. The inlet side of the road had completely eroded into the stream, obstructing the view of the inlet. No light was visible through the culverts from the outlet side, though water was still flowing. A landowner had placed a barricade across the road, likely to prevent access due to severe erosion of the road. The stream provided high-quality habitat with abundant large woody debris creating pools and gravels suitable for spawning. Just downstream, a functioning water intake shack was located in the middle of the stream, likely supplying the adjacent landowner’s property. Plastic pipes extended from the intake shack downstream to the lower Stella Road crossing. The heavily overgrown and collapsing road appeared to be private access and would be a good candidate for removal. Due to inlet erosion, culvert length and slope were estimated as the inlet could not be located.",,2024-10-04,10,388199,5997060,No,,No,No,,2,0.7,0.55,No,2,2.5,4,No,No,Deep Fill,Medium,,,,,,,,,,,,newgraph_lschick,5,2,3,10,"The roadbed had completely eroded into the stream on the inlet side, fully blocking the view of the inlet. The heavily overgrown and collapsing road appeared to be private access and would be a good candidate for removal.",2,2,4,14,A flood would likely wash out the road due to the inlet being obstructed by erosion debris.,1,10,10,10,0,5,36,50,,ignore_mobile/photos/20241004_103356.jpg,ignore_mobile/photos/20241004_103818.jpg,ignore_mobile/photos/20241004_103431.jpg,ignore_mobile/photos/20241004_103422.jpg,ignore_mobile/photos/20241004_103400.jpg,ignore_mobile/photos/20241004_103426.jpg,ignore_mobile/photos/20241004_103459.jpg,,,ignore_mobile/photos/20241004_103854.jpg,ignore_mobile/photos/20241004_103531.jpg,ignore_mobile/photos/20241004_103538.jpg,Road,,"<!DOCTYPE HTML PUBLIC ""-//W3C//DTD HTML 4.0//EN"" ""http://www.w3.org/TR/REC-html40/strict.dtd"">
<html><head><meta name=""qrichtext"" content=""1"" /><style type=""text/css"">
p, li { white-space: pre-wrap; }
</style></head><body style="" font-family:'.AppleSystemUIFont'; font-size:13pt; font-weight:400; font-style:normal;"">
<p style="" margin-top:0px; margin-bottom:0px; margin-left:0px; margin-right:0px; -qt-block-indent:0; text-indent:0px;""><a href=""https://www2.gov.bc.ca/assets/gov/environment/natural-resource-stewardship/land-based-investment/forests-for-tomorrow/field-assessment-for-determining-fish-passage-status-of-cbs.pdf/""><span style="" font-family:'Inter'; font-size:14px; text-decoration: underline; color:#0984ff;"">Link to Methods for Fish Passage Assessment</span></a></p></body></html>",Yes,,,,"Two pipes, one at 0.6 and one at 0.45 m in diameter. Decent outlet drop and water is only flowing through the bigger of the two pipes. The road on the inlet side has completely eroded into the stream visibly blocking The view of the inlet. Cannot see any light at the end of the culverts from the outlet side, but water is able to flow still. Landowner has put a barricade across the road likely to stop people because the road is so eroded. Nice with really good habitat, lots of large wood debris, creating pools. Gravel present and suitable for spawning fish. Just downstream of the culvert is a water intake shack located in the middle of the stream that was heard functioning during the time of survey. Likely used by the adjacent landowners whose house you can see from the stream. Plastic pipes also seen in the stream from the water intake shack down to the lower crossing on Stella Road. Road seems very overgrown and doesn’t really lead to anywhere so would be a good candidate for removing the road. Culvert length and slope estimated because I could not locate the inlet of the pipes due to erosion of road. ",FALSE,mod
2024-10-04T19:41:22Z,199204,15600285,LS ,,newgraph_lschick,15600285,newgraph_lschick,1793923,401,Nine mile Creek          ,Settlement Road          ,,MOTI,Closed Bottom Structure,Round Culvert,,3.2,11.5,"The inlets of both culverts were dammed by a beaver, backing up water to most of the culverts' height. Two pipes, each 1.6m in diameter, were present. A large outlet pool indicated the pipes were likely undersized for the stream. Another beaver dam was being constructed at the outlet of the pool. The dirt road had minimal road fill, making construction relatively straightforward. The road appeared to be used for pipeline access. Outlet pool depth was estimated as it was too deep to wade. Fish approximately 40mm in length were observed downstream during habitat confirmation.",,2024-10-04,10,403906,5998777,No,,No,No,,0.5,0.5,1.4,No,2,5.5,0.5,Yes,Yes,Deep Fill,Medium,,,,,,,,,,,,newgraph_lschick,2,1,3,6,"Erosion was present under the outlet of the pipes. Both pipes were blocked by beaver dams, with only 10–25% of the culvert visible from the inlet side.",1,3,3,9,"The large outlet pool suggested the pipes are likely undersized for the stream. The beaver dam blockage inside the pipes restricted flow, which could have increased the risk of a road washout during a flood.",2,5,8,8,10,5,38,47,,ignore_mobile/photos/20241004_124211.jpg,ignore_mobile/photos/20241004_125650.jpg,ignore_mobile/photos/20241004_125711.jpg,ignore_mobile/photos/20241004_125656.jpg,ignore_mobile/photos/20241004_125642.jpg,ignore_mobile/photos/20241004_125659.jpg,ignore_mobile/photos/20241004_125757.jpg,,ignore_mobile/photos/20241004_125727.jpg,ignore_mobile/photos/20241004_140629.jpg,ignore_mobile/photos/20241004_125807.jpg,ignore_mobile/photos/20241004_125738.jpg,Massive outlet pool          ,Beaverdam blockage          ,"<!DOCTYPE HTML PUBLIC ""-//W3C//DTD HTML 4.0//EN"" ""http://www.w3.org/TR/REC-html40/strict.dtd"">
<html><head><meta name=""qrichtext"" content=""1"" /><style type=""text/css"">
p, li { white-space: pre-wrap; }
</style></head><body style="" font-family:'.AppleSystemUIFont'; font-size:13pt; font-weight:400; font-style:normal;"">
<p style="" margin-top:0px; margin-bottom:0px; margin-left:0px; margin-right:0px; -qt-block-indent:0; text-indent:0px;""><a href=""https://www2.gov.bc.ca/assets/gov/environment/natural-resource-stewardship/land-based-investment/forests-for-tomorrow/field-assessment-for-determining-fish-passage-status-of-cbs.pdf/""><span style="" font-family:'Inter'; font-size:14px; text-decoration: underline; color:#0984ff;"">Link to Methods for Fish Passage Assessment</span></a></p></body></html>",,,Yes,,"Inlet’s of both culverts are damned inside by the beaver backing up the water to most of the height of the culvert. Two pipes at 1.6 m in diameter. Each. Massive outlet pool, indicating the size of the pipes are likely undersized for the size of the stream. Another beaver dam being constructed at the outlet of the outlet pool. Not much fail and dirt Road so construction would be fairly easy. I believe the road is used for pipeline use. Outlet pool depth estimated because too deep to wade into. Fish observed during habitat, confirmation downstream roughly 40 mm in length           ",FALSE,mod
2024-10-04T22:42:28Z,199190,15600119,LS ,,newgraph_lschick,15600119,newgraph_lschick,1806163,403,Clear creek ,Hwy 27 ,,MOTI,Closed Bottom Structure,Round Culvert,,1.85,28,"The bottom of the culvert had been reinforced with concrete, likely to address holes noted in the previous assessment. A large pile of riprap was placed at the outlet, possibly to reduce the outlet drop, though its placement appeared unusual and could inhibit fish passage. The habitat was high quality, with a large pool just downstream of the culvert and abundant gravels suitable for spawning fish.",,2024-10-04,10,425557,5996165,No,,No,No,,3,1,0.2,No,3,5.22,1.25,No,No,Deep Fill,Medium,,,,,,,,,,,,newgraph_lschick,1,1,1,3,"The culvert was in good condition, with the bottom recently reinforced with concrete. No erosion or blockage issues were observed.",1,5,5,8,"The culvert was very large, and the size of the outlet pool suggests the stream experiences high flows at certain times of the year. A flood would be unlikely to affect the culvert, but if it did, it could wash out the highway.",10,2,1,1,10,5,29,37,,ignore_mobile/photos/20241004_155429.jpg,ignore_mobile/photos/20241004_155436.jpg,ignore_mobile/photos/20241004_155452.jpg,ignore_mobile/photos/20241004_155440.jpg,ignore_mobile/photos/20241004_155432.jpg,ignore_mobile/photos/20241004_155448.jpg,ignore_mobile/photos/20241004_155834.jpg,,,ignore_mobile/photos/20241004_160219.jpg,ignore_mobile/photos/20241004_155459.jpg,,Riprap,,"<!DOCTYPE HTML PUBLIC ""-//W3C//DTD HTML 4.0//EN"" ""http://www.w3.org/TR/REC-html40/strict.dtd"">
<html><head><meta name=""qrichtext"" content=""1"" /><style type=""text/css"">
p, li { white-space: pre-wrap; }
</style></head><body style="" font-family:'.AppleSystemUIFont'; font-size:13pt; font-weight:400; font-style:normal;"">
<p style="" margin-top:0px; margin-bottom:0px; margin-left:0px; margin-right:0px; -qt-block-indent:0; text-indent:0px;""><a href=""https://www2.gov.bc.ca/assets/gov/environment/natural-resource-stewardship/land-based-investment/forests-for-tomorrow/field-assessment-for-determining-fish-passage-status-of-cbs.pdf/""><span style="" font-family:'Inter'; font-size:14px; text-decoration: underline; color:#0984ff;"">Link to Methods for Fish Passage Assessment</span></a></p></body></html>",,,Yes,,"Bottom of culvert has been reinforced with concrete, supposedly to fix the holes mentioned in the previous assessment. Outlet of culvert has a huge pile of rip wrap perhaps to reduce the lead drop but seems a bit odd and perhaps might inhibit fish passage. really nice habitat, nice big pool just downstream of the culvert and lots of gravel present for spawning fish.          ",FALSE,mod
2024-10-04T23:29:32Z,203299,15606280,LS,,newgraph_lschick,15606280,newgraph_lschick,,404,Clear creek ,Private drive ,,Private,Open Bottom Structure,Bridge,,10,2.4,The bridge crosses Clear Creek and appeared to provide access to private land.,,2024-10-04,10,425644,5995962,No,,No,No,,,0,0,No,0,0,0,No,No,,,,,,,,,,,,,,newgraph_lschick,,,1,,,1,1,1,,,1,1,1,1,0,1,5,,,ignore_mobile/photos/20241004_163410.jpg,ignore_mobile/photos/20241004_163446.jpg,ignore_mobile/photos/20241004_163441.jpg,ignore_mobile/photos/20241004_163423.jpg,ignore_mobile/photos/20241004_163413.jpg,ignore_mobile/photos/20241004_163434.jpg,,,,ignore_mobile/photos/20241004_164140.jpg,,,,,"<!DOCTYPE HTML PUBLIC ""-//W3C//DTD HTML 4.0//EN"" ""http://www.w3.org/TR/REC-html40/strict.dtd"">
<html><head><meta name=""qrichtext"" content=""1"" /><style type=""text/css"">
p, li { white-space: pre-wrap; }
</style></head><body style="" font-family:'.AppleSystemUIFont'; font-size:13pt; font-weight:400; font-style:normal;"">
<p style="" margin-top:0px; margin-bottom:0px; margin-left:0px; margin-right:0px; -qt-block-indent:0; text-indent:0px;""><a href=""https://www2.gov.bc.ca/assets/gov/environment/natural-resource-stewardship/land-based-investment/forests-for-tomorrow/field-assessment-for-determining-fish-passage-status-of-cbs.pdf/""><span style="" font-family:'Inter'; font-size:14px; text-decoration: underline; color:#0984ff;"">Link to Methods for Fish Passage Assessment</span></a></p></body></html>",Yes,,,,"Bridge over clear Creek. Looks like it’s used to connect someone’s private land 
         ",FALSE,no_fix
2024-10-04T23:43:19Z,203301,15602083,LS,,newgraph_lschick,15602083,newgraph_lschick,,405,Clear creek,Private rd,,Private,Open Bottom Structure,Ford,,,,Ford crossing over Clear Creek on private land. ,,2024-10-04,10,425630,5995920,No,,No,No,,,0,0,No,0,0,0,No,No,,,,,,,,,,,,,,newgraph_lschick,,,1,,,1,1,1,,,1,1,1,1,0,1,5,,,ignore_mobile/photos/20241004_164457.jpg,ignore_mobile/photos/20241004_164503.jpg,ignore_mobile/photos/20241004_164514.jpg,ignore_mobile/photos/20241004_164505.jpg,ignore_mobile/photos/20241004_164500.jpg,ignore_mobile/photos/20241004_164512.jpg,,,,,,,,,"<!DOCTYPE HTML PUBLIC ""-//W3C//DTD HTML 4.0//EN"" ""http://www.w3.org/TR/REC-html40/strict.dtd"">
<html><head><meta name=""qrichtext"" content=""1"" /><style type=""text/css"">
p, li { white-space: pre-wrap; }
</style></head><body style="" font-family:'.AppleSystemUIFont'; font-size:13pt; font-weight:400; font-style:normal;"">
<p style="" margin-top:0px; margin-bottom:0px; margin-left:0px; margin-right:0px; -qt-block-indent:0; text-indent:0px;""><a href=""https://www2.gov.bc.ca/assets/gov/environment/natural-resource-stewardship/land-based-investment/forests-for-tomorrow/field-assessment-for-determining-fish-passage-status-of-cbs.pdf/""><span style="" font-family:'Inter'; font-size:14px; text-decoration: underline; color:#0984ff;"">Link to Methods for Fish Passage Assessment</span></a></p></body></html>",Yes,,,,,FALSE,no_fix
2024-10-05T17:51:31Z,199232,9902577,LS,,newgraph_lschick,9902577,newgraph_lschick,4167,407,Beaverley creek ,Hwy 16,,MOti,Closed Bottom Structure,Oval Culvert,,5.6,25,"Two pipes, each 2.8m in diameter, were present. The pipe on the north side was not flowing. The gradient directly downstream of the culvert was 3–4% due to boulders placed to create backwatering, which was somewhat functioning, though the culverts were not fully backwatered, but water levels were elevated. The rest of the stream had a gradient of 0.5%. The stream provided good habitat but was fairly channelized due to residential development on both sides. Signs of high flows were evident, with eroding banks. Few pools and limited functional large woody debris were present.",,2024-10-05,10,502374,5962501,No,,No,No,,1.5,1.05,0.35,No,2,9.6,0.5,No,No,Deep Fill,Medium,,,,,,,,,,,,newgraph_lschick,1,1,1,3,"No blockage or road fill issues were observed. There appeared to be erosion under the outlet of the north pipe, which had been reinforced with a foam-like substance. See photos for details.",1,3,3,6,"The culverts were large, with only one conveying flow. A flood would likely not affect the culverts, but as a highway crossing, the consequences of failure would be high.",10,1,1,1,10,5,28,34,Highway crossing so construction would be expensive and difficult. Known  chinnook point on stream. ,ignore_mobile/photos/20241005_110617.jpg,ignore_mobile/photos/20241005_110627.jpg,ignore_mobile/photos/20241005_110636.jpg,ignore_mobile/photos/20241005_110630.jpg,ignore_mobile/photos/20241005_110623.jpg,ignore_mobile/photos/20241005_110633.jpg,ignore_mobile/photos/20241005_110646.jpg,,,ignore_mobile/photos/20241005_121708.jpg,,,,,"<!DOCTYPE HTML PUBLIC ""-//W3C//DTD HTML 4.0//EN"" ""http://www.w3.org/TR/REC-html40/strict.dtd"">
<html><head><meta name=""qrichtext"" content=""1"" /><style type=""text/css"">
p, li { white-space: pre-wrap; }
</style></head><body style="" font-family:'.AppleSystemUIFont'; font-size:13pt; font-weight:400; font-style:normal;"">
<p style="" margin-top:0px; margin-bottom:0px; margin-left:0px; margin-right:0px; -qt-block-indent:0; text-indent:0px;""><a href=""https://www2.gov.bc.ca/assets/gov/environment/natural-resource-stewardship/land-based-investment/forests-for-tomorrow/field-assessment-for-determining-fish-passage-status-of-cbs.pdf/""><span style="" font-family:'Inter'; font-size:14px; text-decoration: underline; color:#0984ff;"">Link to Methods for Fish Passage Assessment</span></a></p></body></html>",,,Yes,,"Two pipes at 2.8 m in diameter each. Pipe on the north side is not flowing. Gradient directly below, the culvert are 3 to 4% due to boulders being placed to create back watering, which is somewhat functioning, but the culverts are not back watered, but the water is definitely higher. The rest of the stream has a gradient of 0.5%. Nice dream with good habitat, fairly channelized due to it running due to residence on both sides,. Stream show signs of high flows with eroding banks. Not many pools or functional large debris.            ",FALSE,mod
2024-10-05T19:47:25Z,203298,9902948,LS,,newgraph_lschick,9902948,newgraph_lschick,1976182,409,Tributary to Beaverley creek ,Muralt rd,,MOTI,Closed Bottom Structure,Round Culvert,,0.8,17,"The culvert was fully backwatered, with the outlet completely submerged. The stream flowed through a grassy valley on private property upstream. The road column on the inlet side was eroding significantly. A V-shaped fence was positioned in front of the inlet for unknown reasons. Culvert slope and length were estimated, as the inlet was completely submerged and not visible. The culvert was embedded at the inlet and assumed to be fully embedded, though this could not be confirmed due to the submerged outlet. Just upstream of the inlet, remnants of a possible old dam were observed, with large piles of dirt on both sides and a dugout middle section allowing stream flow. See photos for details.",,2024-10-05,10,506082,5962275,Yes,0.1,Yes,Yes,100,7,0,0.5,No,1,1.8,3,No,No,Deep Fill,Low,,,,,,,,,,,,newgraph_lschick,1,2,2,5,The road column on the inlet side was completely eroding. There was 6–7m of road fill. The culvert was fully backwatered but remained passable.,2,2,4,9,"There was a significant amount of road fill over the culvert, so a flood would not affect the road. The road column was already eroding on the right side.",2,1,5,7,2,5,22,31,"Country paved road with lots of fill so construction would be expensive. stream flows into beaverley creek, which is a known fish brain stream. So construction could have environmental impacts.          ",ignore_mobile/photos/20241005_130004.jpg,ignore_mobile/photos/20241005_130120.jpg,ignore_mobile/photos/20241005_130033.jpg,ignore_mobile/photos/20241005_130024.jpg,ignore_mobile/photos/20241005_130007.jpg,ignore_mobile/photos/20241005_130028.jpg,,ignore_mobile/photos/20241005_130044.jpg,ignore_mobile/photos/20241005_130050.jpg,ignore_mobile/photos/20241005_132102.jpg,ignore_mobile/photos/20241005_130053.jpg,ignore_mobile/photos/20241005_130742.jpg,V-fence,Old dam,"<!DOCTYPE HTML PUBLIC ""-//W3C//DTD HTML 4.0//EN"" ""http://www.w3.org/TR/REC-html40/strict.dtd"">
<html><head><meta name=""qrichtext"" content=""1"" /><style type=""text/css"">
p, li { white-space: pre-wrap; }
</style></head><body style="" font-family:'.AppleSystemUIFont'; font-size:13pt; font-weight:400; font-style:normal;"">
<p style="" margin-top:0px; margin-bottom:0px; margin-left:0px; margin-right:0px; -qt-block-indent:0; text-indent:0px;""><a href=""https://www2.gov.bc.ca/assets/gov/environment/natural-resource-stewardship/land-based-investment/forests-for-tomorrow/field-assessment-for-determining-fish-passage-status-of-cbs.pdf/""><span style="" font-family:'Inter'; font-size:14px; text-decoration: underline; color:#0984ff;"">Link to Methods for Fish Passage Assessment</span></a></p></body></html>",Yes,,,,"Culvert is fully back, watered with the outlet completely submerged. Stream flows through grassy Valley on someone’s property upstream. Road column on inlet side is eroding significantly. Fence positioned in front of the inlet in V shape, not sure why. Calvert slope and length estimated Due to the inlet being completely submerged and basically not visible.  Culvert is embedded at the inlet and assuming full embedment, but cannot confirm due to outlet being completely submerged.  Just upstream of inlet is the remnants of perhaps an old damn, big piles of dirt on each side. Now it has the middle dugout to allow the stream to flow down. See photos.          ",FALSE,low
2024-10-07T23:22:47Z,203296,2024100701,AI,,newgraph_airvine,2024100701,newgraph_airvine,,127,Tributary to Kenneth Creek,Bowron FSR,31.9,MoF,Closed Bottom Structure,Round Culvert,,0.5,20,"This was an overflow pipe for PSCIS crossing 199255, located 60m south. It may have been present and dry in 2023 when PSCIS crossing 199255 was initially assessed, but this is uncertain. Habitat confirmations were conducted upstream and downstream. Upstream habitat was a low-gradient gravel system with mature riparian vegetation and stable banks.",,2024-10-07,10,578677,5973049,No,,No,No,,1,0.1,0.15,No,3,0,0,No,No,Deep Fill,Medium,,,,,,,,,,,,newgraph_airvine,,,1,,,1,1,1,,,1,1,1,1,0,1,5,,,ignore_mobile/photos/20241007_163138.jpg,ignore_mobile/photos/20241007_163145.jpg,ignore_mobile/photos/20241007_163202.jpg,ignore_mobile/photos/20241007_163151.jpg,ignore_mobile/photos/20241007_163141.jpg,ignore_mobile/photos/20241007_163154.jpg,,,,ignore_mobile/photos/20241007_163954.jpg,,,,,"<!DOCTYPE HTML PUBLIC ""-//W3C//DTD HTML 4.0//EN"" ""http://www.w3.org/TR/REC-html40/strict.dtd"">
<html><head><meta name=""qrichtext"" content=""1"" /><style type=""text/css"">
p, li { white-space: pre-wrap; }
</style></head><body style="" font-family:'.AppleSystemUIFont'; font-size:13pt; font-weight:400; font-style:normal;"">
<p style="" margin-top:0px; margin-bottom:0px; margin-left:0px; margin-right:0px; -qt-block-indent:0; text-indent:0px;""><a href=""https://www2.gov.bc.ca/assets/gov/environment/natural-resource-stewardship/land-based-investment/forests-for-tomorrow/field-assessment-for-determining-fish-passage-status-of-cbs.pdf/""><span style="" font-family:'Inter'; font-size:14px; text-decoration: underline; color:#007aff;"">Link to Methods for Fish Passage Assessment</span></a></p></body></html>",Yes,,,,"This is an overflow pipe for the crossing inventory, just 60 m south. May have been here last year and dry, but not sure.  Habitat confirmation conducted. Upstream is low gradient gravel system with mature rep Ryan and state banks.                     ",FALSE,low
2024-10-08T00:39:51Z,199256,13903184,LS ,,newgraph_lschick,13903184,newgraph_lschick,3750,410,Kenneth creek ,Highway 16,,MOTI,Closed Bottom Structure,Oval Culvert,,5.5,30,"Large multi-plate oval culvert with a substantial 50m-wide outlet pool. Chinook, bull trout, and other species are documented upstream in the FISS database. The stream had high flow at the time of assessment. Culvert slope and outlet pool depth were estimated as the pool was too deep to wade. Deep pools over 1m, formed by functional large woody debris, provided good overwintering habitat for fish of all ages. Gravels suitable for spawning were present. Downstream of the culvert, the stream ran parallel to the highway with banks reinforced by riprap and large wood secured with metal wiring to create habitat and reduce flow.",,2024-10-07,10,582279,5975090,No,,No,No,,1.5,0.7,2,No,1,19,0.5,No,No,Deep Fill,High,,,,,,,,,,,,newgraph_lschick,3,2,1,6,Erosion was present under the outlet of the pipe. Embankment fill erosion was observed on the left side of the outlet. No blockage issues were present.,1,5,5,11,"Large culvert and outlet pool indicated the stream experienced high flows. Flow was high at the time of assessment, and the pipe was functioning well. A flood would be unlikely to affect the culvert, but if it did, it could wash out Highway 16.",10,2,1,1,10,4,28,39,"Highway crossing so construction would be expensive and difficult. Known fish, bearing stream and signs at the outlet indicating this is a spawning area so environmental impacts could be high                   ",ignore_mobile/photos/20241007_110150.jpg,ignore_mobile/photos/20241007_110158.jpg,ignore_mobile/photos/20241007_110212.jpg,ignore_mobile/photos/20241007_110200.jpg,ignore_mobile/photos/20241007_110154.jpg,ignore_mobile/photos/20241007_110209.jpg,ignore_mobile/photos/20241007_110218.jpg,ignore_mobile/photos/20241007_110331.jpg,,ignore_mobile/photos/20241007_110449.jpg,ignore_mobile/photos/20241007_110229.jpg,ignore_mobile/photos/20241007_110238.jpg, Outlet pool, Outlet pool,"<!DOCTYPE HTML PUBLIC ""-//W3C//DTD HTML 4.0//EN"" ""http://www.w3.org/TR/REC-html40/strict.dtd"">
<html><head><meta name=""qrichtext"" content=""1"" /><style type=""text/css"">
p, li { white-space: pre-wrap; }
</style></head><body style="" font-family:'.AppleSystemUIFont'; font-size:13pt; font-weight:400; font-style:normal;"">
<p style="" margin-top:0px; margin-bottom:0px; margin-left:0px; margin-right:0px; -qt-block-indent:0; text-indent:0px;""><a href=""https://www2.gov.bc.ca/assets/gov/environment/natural-resource-stewardship/land-based-investment/forests-for-tomorrow/field-assessment-for-determining-fish-passage-status-of-cbs.pdf/""><span style="" font-family:'Inter'; font-size:14px; text-decoration: underline; color:#0984ff;"">Link to Methods for Fish Passage Assessment</span></a></p></body></html>",No,,Yes,,Multi plate round culvert. Call Vert slope estimated. Massive culvert with an even bigger outlet pool probably 50 m wide. Stream was just pumping during time of survey. Outlet pool depth estimated because pool was too deep to wait into.                               ,FALSE,mod
2024-10-07T20:15:27Z,199260,13900260,LS,,newgraph_lschick,13900260,newgraph_lschick,1992815,413,Tributary to sugarbowl Creek          ,Hwy 16,,MOTI,Closed Bottom Structure,Round Culvert,,1.2,50,"The culvert had a significant 1.4m outlet drop, and inlet drop due to a small debris jam. The stream flowed through mature old-growth forest and provided high-quality habitat with steep gradients, step pools, and cascade pools, suggesting the potential presence of bull trout. The highway crossing had a large amount of road fill, making construction difficult and expensive. The site would be a good candidate for replacement if feasible. The riparian area at the outlet had been cleared due to overhead powerlines.",,2024-10-07,10,587916,5972449,No,,No,No,,9,1.4,0.9,Yes,6,7,5,No,No,Deep Fill,High,,,,,,,,,,,,newgraph_lschick,3,1,1,5,"The outlet of the pipe was perched, with significant erosion under the left side. A small debris jam at the inlet created an inlet drop, but no other blockages were present. The embankment fill was in good condition.",2,5,10,15,"The size of the outlet pool suggested the culvert was significantly undersized for the stream. A flood would likely impact the culvert, potentially causing significant damage as it was located under Highway 16.",10,3,1,1,5,4,24,39," Highway crossing so expensive and difficult. Likely a fish bearing stream with lots of of nice gravel, likely bull trout in the system given the steepness of the stream. Environmental impact could be quite high due to construction.",ignore_mobile/photos/20241007_132059.jpg,ignore_mobile/photos/20241007_132105.jpg,ignore_mobile/photos/20241007_132600.jpg,ignore_mobile/photos/20241007_132108.jpg,ignore_mobile/photos/20241007_132102.jpg,ignore_mobile/photos/20241007_132557.jpg,,,ignore_mobile/photos/20241007_132112.jpg,ignore_mobile/photos/20241007_144117.jpg,,,,,"<!DOCTYPE HTML PUBLIC ""-//W3C//DTD HTML 4.0//EN"" ""http://www.w3.org/TR/REC-html40/strict.dtd"">
<html><head><meta name=""qrichtext"" content=""1"" /><style type=""text/css"">
p, li { white-space: pre-wrap; }
</style></head><body style="" font-family:'.AppleSystemUIFont'; font-size:13pt; font-weight:400; font-style:normal;"">
<p style="" margin-top:0px; margin-bottom:0px; margin-left:0px; margin-right:0px; -qt-block-indent:0; text-indent:0px;""><a href=""https://www2.gov.bc.ca/assets/gov/environment/natural-resource-stewardship/land-based-investment/forests-for-tomorrow/field-assessment-for-determining-fish-passage-status-of-cbs.pdf/""><span style="" font-family:'Inter'; font-size:14px; text-decoration: underline; color:#0984ff;"">Link to Methods for Fish Passage Assessment</span></a></p></body></html>",,,Yes,,"Inlet drop due to small debris jam at Inlet. Highway crossing with a large amount of fill therefore construction will be difficult and expensive. But there’s a massive outlet drop and the stream has lots of nice gravel and a steep grade, likely bull trout in the system. Would be a great candidate for a placement if possible. Repairing area outlet has been cleared due to powerlines overhead.          ",FALSE,high
2024-10-07T22:05:38Z,199255,13903617,LS,,newgraph_lschick,13903617,newgraph_lschick,,415,Tributary to Kenneth creek ,Bowron fsr,32,MoF,Closed Bottom Structure,Round Culvert,,1.1,13,"The inlet of the culvert was completely submerged, with a large beaver pond area just upstream. The outlet was plugged with beaver sticks, and it appeared the beaver had dammed the culvert entirely, creating a large pool at the inlet. Despite this, the culvert still had flow. A beaver dam approximately 0.7m in height was located about 40m downstream. A new culvert had been installed 60m north on the FSR, with flow from that crossing entering the outlet pool from the north. Downstream of the culvert, the stream flowed through the forest with minimal defined channel. Where a defined channel was present, it ranged from 1–3m wide, but most of the area consisted of 15–17m of wetted forest with some flow. Culvert slope was estimated due to the submerged inlet. Habitat confirmations were conducted upstream and downstream.",,2024-10-07,10,578664,5972996,No,,No,No,,1.5,0,0.25,No,1.5,10.5,0.5,Yes,No,Deep Fill,Medium,,,,,,,,,,,,newgraph_lschick,1,1,2,4,"Fever has plugged up the culvert, with lots of debris sticking out the outlet, culvert is jammed all the way through and creating a big pool at the inlet, with the inlet completely submerged          ",2,1,2,6,"Call Culver is quite small for the size of the stream, due to the beaver damming up the culvert, likely that a flood would wash out the road as there’s only a metre and a half of sale on top of the culvert. ",1,2,8,9,5,5,30,36,"The road FSR with not much sales so construction would be relatively easy and expensive. This is a trip to kenneth creek, which is a fish bearing stream so they like the fish in the system, therefore there could be environment impacts. ",ignore_mobile/photos/20241007_151212.jpg,ignore_mobile/photos/20241007_151218.jpg,ignore_mobile/photos/20241007_151225.jpg,ignore_mobile/photos/20241007_151221.jpg,ignore_mobile/photos/20241007_151214.jpg,ignore_mobile/photos/20241007_151224.jpg,,,ignore_mobile/photos/20241007_152149.jpg,ignore_mobile/photos/20241007_164244.jpg,ignore_mobile/photos/20241007_152204.jpg,ignore_mobile/photos/20241007_164248.jpg,Other stream ,Downstream ,"<!DOCTYPE HTML PUBLIC ""-//W3C//DTD HTML 4.0//EN"" ""http://www.w3.org/TR/REC-html40/strict.dtd"">
<html><head><meta name=""qrichtext"" content=""1"" /><style type=""text/css"">
p, li { white-space: pre-wrap; }
</style></head><body style="" font-family:'.AppleSystemUIFont'; font-size:13pt; font-weight:400; font-style:normal;"">
<p style="" margin-top:0px; margin-bottom:0px; margin-left:0px; margin-right:0px; -qt-block-indent:0; text-indent:0px;""><a href=""https://www2.gov.bc.ca/assets/gov/environment/natural-resource-stewardship/land-based-investment/forests-for-tomorrow/field-assessment-for-determining-fish-passage-status-of-cbs.pdf/""><span style="" font-family:'Inter'; font-size:14px; text-decoration: underline; color:#0984ff;"">Link to Methods for Fish Passage Assessment</span></a></p></body></html>",,,Yes,,"Inlet of culvert, completely submerged, with big beaver pond area just upstream. Outlet of culvert plugwg up with beaver sticks, it looks like the beaver has damed it all the way through to create big pool at inlet. Culvert still has flow though. There is a beaver dam roughly 0.7m in height about 40m downstream of the culvert. There has been a new culvert installed that is 40 m north on the FSR, so flow from that crossing is entering the outlet pool from the north. Downstream of the culvert the stream flows through the forest with very little areas with define channel. Where there is a fine channel it’s roughly 1-3m wide, but most of the time it’s just 15-17m of wetted forrest with some flow. Culvert slope estimated due to submerged inlet. ",FALSE,mod
2024-10-08T16:26:00Z,199267,13900201,LS,,,,newgraph_lschick,1992674,416,Driscoll Creek,Highway 16,,MoTi,Closed Bottom Structure,Round Culvert,,2.3,56,"The culvert had a deep outlet pool and a very large outlet drop. The stream was banked with a well-developed, healthy, riparian zone consisting of old-growth forest. A beaver dam was located just upstream of the culvert inlet. No photos are available because the surveyors phone fell into the stream. ",,2024-10-08,10,606378,5965782,No,,No,No,,1,0.65,1.25,No,2.5,10.6,0.6,Yes,No,Deep Fill,Medium,,0,10,0,0,0,,,,,,newgraph_lschick,,,1,,,1,1,1,,,1,1,1,1,0,1,5,,,,,,,,,,,,,,,,,"<!DOCTYPE HTML PUBLIC ""-//W3C//DTD HTML 4.0//EN"" ""http://www.w3.org/TR/REC-html40/strict.dtd"">
<html><head><meta name=""qrichtext"" content=""1"" /><style type=""text/css"">
p, li { white-space: pre-wrap; }
</style></head><body style="" font-family:'.AppleSystemUIFont'; font-size:13pt; font-weight:400; font-style:normal;"">
<p style="" margin-top:0px; margin-bottom:0px; margin-left:0px; margin-right:0px; -qt-block-indent:0; text-indent:0px;""><a href=""https://www2.gov.bc.ca/assets/gov/environment/natural-resource-stewardship/land-based-investment/forests-for-tomorrow/field-assessment-for-determining-fish-passage-status-of-cbs.pdf/""><span style="" text-decoration: underline; color:#0080ff;"">Link to Methods for Fish Passage Assessment</span></a></p></body></html>",,,yes,,"The culvert had a deep outlet pool and a very large outlet drop. The stream was banked with a well-developed, healthy, riparian zone consisting of old-growth forest. A beaver dam was located just upstream of the culvert inlet. No photos are available because the surveyors phone fell into the stream. ",TRUE,mod
2024-10-08T20:20:00Z,199237,13900100,LS,,,,newgraph_lschick,3751,418,Snowshoe Creek,Highway 16,,MoTi,Closed Bottom Structure,Round Culvert,,2.5,45,The culvert had a deep outlet pool and a very large outlet drop. The stream contained functional large woody debris creating complex cover and pools.No photos are available because the surveyors phone fell into the stream. ,,2024-10-08,10,650786,5934862,No,,No,No,,,0.65,1.9,No,2,14,0.6,No,No,Deep Fill,High,,0,10,0,0,0,,,,,,newgraph_lschick,,,1,,,1,1,1,,,1,1,1,1,0,1,5,,,,,,,,,,,,,,,,,"<!DOCTYPE HTML PUBLIC ""-//W3C//DTD HTML 4.0//EN"" ""http://www.w3.org/TR/REC-html40/strict.dtd"">
<html><head><meta name=""qrichtext"" content=""1"" /><style type=""text/css"">
p, li { white-space: pre-wrap; }
</style></head><body style="" font-family:'.AppleSystemUIFont'; font-size:13pt; font-weight:400; font-style:normal;"">
<p style="" margin-top:0px; margin-bottom:0px; margin-left:0px; margin-right:0px; -qt-block-indent:0; text-indent:0px;""><a href=""https://www2.gov.bc.ca/assets/gov/environment/natural-resource-stewardship/land-based-investment/forests-for-tomorrow/field-assessment-for-determining-fish-passage-status-of-cbs.pdf/""><span style="" text-decoration: underline; color:#0080ff;"">Link to Methods for Fish Passage Assessment</span></a></p></body></html>",,,yes,,The culvert had a deep outlet pool and a very large outlet drop. The stream contained functional large woody debris creating complex cover and pools.No photos are available because the surveyors phone fell into the stream. ,TRUE,mod
2024-09-15T22:06:00Z,199174,15604478,LS,,,,newgraph_lschick,,354,Trib to Nechako River,Sutherland FSR,1.1,MoF,Closed Bottom Structure,Round Culvert,,1.5,15,"At the time of assessment, the stream was dry at the crossing; however, it contained medium-value habitat. Upstream of the culvert, the stream was primarily dry for the first 300m, then intermittent pools began to appear, associated with beaver activity. Approximately 450–500m upstream, the stream became nearly fully watered, with pools up to 40cm deep. Downstream of the crossing was dominated by beaver-impounded wetland areas, which were storing large quantities of water, likely sustaining year-round stream flow at the downstream crossing on Dog Creek Road. Further downstream, approximately 300m upstream of the crossing on Dog Creek Road, the stream transitioned to a channelized system with some pockets of gravel suitable for rearing rainbow trout and potentially Chinook. However, heavy cattle impacts were observed at both this crossing and the downstream crossing on Dog Creek Road.",,2024-09-15,10,397160,5996574,No,,No,No,,0.4,0,0,No,1,2.5,1.2,No,No,Deep Fill,,,0,10,0,0,0,,,,,,newgraph_lschick,,,1,,,1,1,1,,,1,1,1,1,0,1,5,,,,,,,,,,,,,,,,,"<!DOCTYPE HTML PUBLIC ""-//W3C//DTD HTML 4.0//EN"" ""http://www.w3.org/TR/REC-html40/strict.dtd"">
<html><head><meta name=""qrichtext"" content=""1"" /><style type=""text/css"">
p, li { white-space: pre-wrap; }
</style></head><body style="" font-family:'.AppleSystemUIFont'; font-size:13pt; font-weight:400; font-style:normal;"">
<p style="" margin-top:0px; margin-bottom:0px; margin-left:0px; margin-right:0px; -qt-block-indent:0; text-indent:0px;""><a href=""https://www2.gov.bc.ca/assets/gov/environment/natural-resource-stewardship/land-based-investment/forests-for-tomorrow/field-assessment-for-determining-fish-passage-status-of-cbs.pdf/""><span style="" text-decoration: underline; color:#0080ff;"">Link to Methods for Fish Passage Assessment</span></a></p></body></html>",,,yes,,Stream was dry at the time of assessment. ,FALSE,high
2024-09-15T17:46:00Z,199173,15600277,"LS, AI",,,,newgraph_lschick,1794340,353,Trib to Nechako River,Dog Creek Road,,MOTI,Closed Bottom Structure,Round Culvert,,0.9,10.5,"The culvert had a moderate outlet drop with some erosion around the pipe at the outlet. The pipe was in good condition. The stream provided excellent habitat, with several pools and abundant undercut banks. Fish were observed during the assessment (~40–90mm in length). Upstream of the crossing, the stream was channelized with some pockets of gravel suitable for rearing rainbow trout and potentially Chinook. It then transitioned into beaver-impounded wetland areas storing large quantities of water, likely sustaining year-round stream flow at this crossing. There was extensive cattle trampling around the inlet of the pipe and throughout the surveyed upstream area. The crossing was located approximately 150m upstream from the Nechako River mainstem.",,2024-09-15,10,398923,5996362,No,,No,No,,1,0.35,0.7,No,2.5,3,4,Yes,Yes,Deep Fill,Medium,,0,10,0,0,0,,,,,,newgraph_lschick,,,1,,,1,1,1,,,1,1,1,1,0,1,5,,,,,,,,,,,,,,,,,"<!DOCTYPE HTML PUBLIC ""-//W3C//DTD HTML 4.0//EN"" ""http://www.w3.org/TR/REC-html40/strict.dtd"">
<html><head><meta name=""qrichtext"" content=""1"" /><style type=""text/css"">
p, li { white-space: pre-wrap; }
</style></head><body style="" font-family:'.AppleSystemUIFont'; font-size:13pt; font-weight:400; font-style:normal;"">
<p style="" margin-top:0px; margin-bottom:0px; margin-left:0px; margin-right:0px; -qt-block-indent:0; text-indent:0px;""><a href=""https://www2.gov.bc.ca/assets/gov/environment/natural-resource-stewardship/land-based-investment/forests-for-tomorrow/field-assessment-for-determining-fish-passage-status-of-cbs.pdf/""><span style="" text-decoration: underline; color:#0080ff;"">Link to Methods for Fish Passage Assessment</span></a></p></body></html>",,,yes,,"The culvert had a moderate outlet drop with some erosion around the pipe at the outlet. The stream provided excellent habitat, with several pools and abundant undercut banks. Fish were observed during the assessment (~40–90 mm in length). The pipe was in good condition, though signs of cattle trampling were present at the inlet. The crossing is located approximately 150 m upstream from the Nechako River mainstem.",FALSE,high
2024-10-09T16:16:22Z,199282,22201229,LS,,newgraph_bute,22201229,newgraph_bute,29925,421,Holliday creek ,Hwy 16 ,,MOTI,Closed Bottom Structure,Round Culvert,,4,52,"A significant outlet drop was present. Flow was high at the time of assessment, and at lower flows, the outlet drop would be even more substantial. Although the culvert was large, it was still likely undersized for the stream. The stream was a large glaciated system with a cobble-boulder substrate and an intact mixed riparian zone, primarily deciduous. Occasional large woody debris features created deep pool habitats and pockets of gravels were present suitable for spawning salmonids.  A fish (~60mm) was observed during habitat confirmation.",,2024-10-09,11,305946,5896010,No,,No,No,,2,0.8,0.5,No,2,16,3,No,Yes,Deep Fill,High,,,,,,,,,,,,newgraph_bute,2,2,1,5,No blockage issues were present. Embankment fill erosion was observed on both sides of the culvert outlet.,1,4,4,9,"Although the pipe was large, it was still undersized for the stream and could wash out in a flood. As a highway crossing with only 2m of road fill, a flood could wash out the highway.",10,2,1,1,5,5,24,33,Likely a nice bull trout stream so there could be environment impacts due to construction. Highway crossing so expensive and difficult to fix. ,ignore_mobile/photos/20241009_094337.jpg,ignore_mobile/photos/20241009_094345.jpg,ignore_mobile/photos/20241009_094356.jpg,ignore_mobile/photos/20241009_094349.jpg,ignore_mobile/photos/20241009_094340.jpg,ignore_mobile/photos/20241009_094354.jpg,,ignore_mobile/photos/20241009_094400.jpg,,ignore_mobile/photos/20241009_104948.jpg,ignore_mobile/photos/20241009_094404.jpg,ignore_mobile/photos/20241009_104953.jpg,,Downstream,"<!DOCTYPE HTML PUBLIC ""-//W3C//DTD HTML 4.0//EN"" ""http://www.w3.org/TR/REC-html40/strict.dtd"">
<html><head><meta name=""qrichtext"" content=""1"" /><style type=""text/css"">
p, li { white-space: pre-wrap; }
</style></head><body style="" font-family:'.AppleSystemUIFont'; font-size:13pt; font-weight:400; font-style:normal;"">
<p style="" margin-top:0px; margin-bottom:0px; margin-left:0px; margin-right:0px; -qt-block-indent:0; text-indent:0px;""><a href=""https://www2.gov.bc.ca/assets/gov/environment/natural-resource-stewardship/land-based-investment/forests-for-tomorrow/field-assessment-for-determining-fish-passage-status-of-cbs.pdf/""><span style="" font-family:'Inter'; font-size:14px; text-decoration: underline; color:#0984ff;"">Link to Methods for Fish Passage Assessment</span></a></p></body></html>",,,Yes,,"Although culver it big it is still likely undersized for the size of the stream. Lots of flow at time of survey. Significant outlet drop, especially at lower flows. Nice stream, likely a bull trout system. Several big boulders in outlet pool. Steep system. Fish (~60mm) observed during habitat confirmation. ",FALSE,mod
2024-10-09T18:55:46Z,7620,,LS,,newgraph_bute,7620,newgraph_bute,,423,Teepee creek,Railway ,,CN Rail,Closed Bottom Structure,Round Culvert,,2.6,52,"Long culvert which passed under the CN railway and a dirt road. A beaver dam located 50m downstream of the outlet created a larger beaver pond which was backwatering the culvert . Below the beaver dam, the stream had low gradients and provided good fish habitat. A gate across the inlet functioned as a beaver grate. The stream was fenced perpendicular to the channel both upstream and downstream, likely for cattle management. Signs of cattle accessing the stream were observed near the outlet.",,2024-10-09,11,343425,5862437,Yes,0.1,Yes,Yes,100,7,0,1,No,1.5,7.5,1,Yes,No,Deep Fill,Medium,,,,,,,,,,,,newgraph_bute,1,1,1,3,A gate across the inlet was installed to prevent beaver entry and did not impede fish passage. No erosion or road fill issues were observed.,1,5,5,8,"A flood was unlikely to affect the culvert, but if it did, it could wash out the railway.",1,5,1,1,10,5,23,31,Railways crossing so expensive and difficult. Fish points upstream. ,ignore_mobile/photos/20241009_121401.jpg,ignore_mobile/photos/20241009_121412.jpg,ignore_mobile/photos/20241009_121423.jpg,ignore_mobile/photos/20241009_121415.jpg,ignore_mobile/photos/20241009_121408.jpg,ignore_mobile/photos/20241009_121419.jpg,,,,ignore_mobile/photos/20241009_121904.jpg,ignore_mobile/photos/20241009_122557.jpg,ignore_mobile/photos/20241009_122526.jpg,After beaver pond ,Beaver dam,"<!DOCTYPE HTML PUBLIC ""-//W3C//DTD HTML 4.0//EN"" ""http://www.w3.org/TR/REC-html40/strict.dtd"">
<html><head><meta name=""qrichtext"" content=""1"" /><style type=""text/css"">
p, li { white-space: pre-wrap; }
</style></head><body style="" font-family:'.AppleSystemUIFont'; font-size:13pt; font-weight:400; font-style:normal;"">
<p style="" margin-top:0px; margin-bottom:0px; margin-left:0px; margin-right:0px; -qt-block-indent:0; text-indent:0px;""><a href=""https://www2.gov.bc.ca/assets/gov/environment/natural-resource-stewardship/land-based-investment/forests-for-tomorrow/field-assessment-for-determining-fish-passage-status-of-cbs.pdf/""><span style="" font-family:'Inter'; font-size:14px; text-decoration: underline; color:#0984ff;"">Link to Methods for Fish Passage Assessment</span></a></p></body></html>",,Yes,,,"Gate across inlet acting as a beaver grate. Lots of beaver activation. Downstream of culvert is a big beaver pond which is back watering the culvert. Beaver dam 50m downstream of the outlet. Super nice Nice stream after the beaver dam, low gradients. Stream is fenced perpendicular to the stream, both upstream and downstream, due to someone cattle land. Signs of cattle accessing stream near outlet. ",FALSE,low
2024-10-09T19:50:35Z,203300,2024100950,LS,,newgraph_bute,2024100950,newgraph_bute,,424,Teepee creek ,Private road,,Private,Open Bottom Structure,Bridge,,4,2.5,A small wooden bridge crossed Teepee Creek on private land.,,2024-10-09,11,343964,5862720,No,,No,No,,,0,0,No,0,0,0,No,No,,,,,,,,,,,,,,newgraph_bute,,,1,,,1,1,1,,,1,1,1,1,0,1,5,,,ignore_mobile/photos/20241009_125501.jpg,ignore_mobile/photos/20241009_125509.jpg,ignore_mobile/photos/20241009_125520.jpg,ignore_mobile/photos/20241009_125514.jpg,ignore_mobile/photos/20241009_125504.jpg,ignore_mobile/photos/20241009_125518.jpg,,,,,,,,,"<!DOCTYPE HTML PUBLIC ""-//W3C//DTD HTML 4.0//EN"" ""http://www.w3.org/TR/REC-html40/strict.dtd"">
<html><head><meta name=""qrichtext"" content=""1"" /><style type=""text/css"">
p, li { white-space: pre-wrap; }
</style></head><body style="" font-family:'.AppleSystemUIFont'; font-size:13pt; font-weight:400; font-style:normal;"">
<p style="" margin-top:0px; margin-bottom:0px; margin-left:0px; margin-right:0px; -qt-block-indent:0; text-indent:0px;""><a href=""https://www2.gov.bc.ca/assets/gov/environment/natural-resource-stewardship/land-based-investment/forests-for-tomorrow/field-assessment-for-determining-fish-passage-status-of-cbs.pdf/""><span style="" font-family:'Inter'; font-size:14px; text-decoration: underline; color:#0984ff;"">Link to Methods for Fish Passage Assessment</span></a></p></body></html>",Yes,,,,"Small bridge over stream, most likely put it by adjacent landowner. ",FALSE,no_fix
2024-10-09T20:35:50Z,199278,22201176,LS,,newgraph_bute,22201176,newgraph_bute,1467202,426,Teepee creek ,Hwy 5,,MOTI,Closed Bottom Structure,Round Culvert,,1.4,22,"A moderate outlet drop was present and would be substantial at lower flows. Flow was steady at the time of assessment. The culvert was in good condition. A large, deep outlet pool indicated the culvert was likely undersized for the stream. Additionally, minimal road fill made this crossing a significant flood hazard, which could wash out Highway 5. Downstream, the stream had frequent pools 0.3–0.5m deep, providing good overwintering habitat for fish, and abundant gravels suitable for spawning. Roughly 150m downstream of the culvert, several cattle pens crossed the stream and appeared to be set up to provide cattle access for drinking. These areas were visibly trampled, with significant loss of riparian vegetation. Upstream, the stream was relatively confined, with only rare pockets of unembedded gravels. Deep pools were present, formed by boulder and large woody debris scour. A salmon point was noted near the pipeline location in FISS. Numerous small steps, ranging from 30–60cm, were present due to the steep, boulder-dominated nature of the stream. Electrofishing would be beneficial for further assessment. The site was a highway crossing, making replacement difficult. A small ford was located approximately 5m downstream of the culvert outlet.",,2024-10-09,11,344031,5862744,No,,No,No,,0.7,0.4,1,No,2,7,2.5,No,No,Deep Fill,High,,,,,,,,,,,,newgraph_bute,2,1,1,4,"No blockage or road fill issues were present. Some erosion was observed under the outlet of the pipe, likely due to it being undersized for the stream.",3,5,15,19,"The pipe was significantly undersized for the stream, and minimal road fill made this crossing a flood hazard. As a highway crossing, a flood could wash out the road.",10,5,1,1,10,5,32,51,Fish bearing stream with salmon point upstream. High priority to get fixed. Highway crossing so expensive. This crossing is also at high risk of flooding the highway so it should definitely get fixed. ,ignore_mobile/photos/20241009_134840.jpg,ignore_mobile/photos/20241009_134846.jpg,ignore_mobile/photos/20241009_134854.jpg,ignore_mobile/photos/20241009_134848.jpg,ignore_mobile/photos/20241009_134842.jpg,ignore_mobile/photos/20241009_134851.jpg,ignore_mobile/photos/20241009_135430.jpg,,,ignore_mobile/photos/20241009_135406.jpg,ignore_mobile/photos/20241009_134902.jpg,ignore_mobile/photos/20241009_134909.jpg,Downstream ,Cattle downstream ,"<!DOCTYPE HTML PUBLIC ""-//W3C//DTD HTML 4.0//EN"" ""http://www.w3.org/TR/REC-html40/strict.dtd"">
<html><head><meta name=""qrichtext"" content=""1"" /><style type=""text/css"">
p, li { white-space: pre-wrap; }
</style></head><body style="" font-family:'.AppleSystemUIFont'; font-size:13pt; font-weight:400; font-style:normal;"">
<p style="" margin-top:0px; margin-bottom:0px; margin-left:0px; margin-right:0px; -qt-block-indent:0; text-indent:0px;""><a href=""https://www2.gov.bc.ca/assets/gov/environment/natural-resource-stewardship/land-based-investment/forests-for-tomorrow/field-assessment-for-determining-fish-passage-status-of-cbs.pdf/""><span style="" font-family:'Inter'; font-size:14px; text-decoration: underline; color:#0984ff;"">Link to Methods for Fish Passage Assessment</span></a></p></body></html>",,,Yes,,"Culvert is in good shape. Big deep outlet pool indicating the culvert is likely undersized for the size of the stream. Decent outlet drop at lower flows. Decent flow at time of survey. Really nice habitat downstream, lots of pools for overwintering fish and gravels for spawning. Frequent functional large woody debris creating complex habitat. Would highly recommend following up with electrofishing.hwy crossing so difficult. Small ford roughly 5m downstream of the culver outlet. ",FALSE,high
2024-10-09T21:07:02Z,4931,,LS,,newgraph_bute,4931,newgraph_bute,,426,Teepee creek ,Mount Tinsley pit road,,Carrier Lumber R13564 ,Closed Bottom Structure,Round Culvert,,1.55,6,"A significant outlet drop was present. The pipe was in good condition, but there was erosion under the outlet and on the road column on the outlet side. The stream provided high-quality habitat with known fish in the system, including a salmon point downstream. The gradient was steep at this crossing, but the downstream highway crossing had lower gradients with abundant gravels. The road was a small dirt road with minimal road fill, making replacement relatively straightforward.",,2024-10-09,11,344707,5862849,No,,No,No,,0.5,1.3,0.35,No,5,5.6,12,No,No,Shallow Fill,High,,,,,,,,,,,,newgraph_bute,2,2,1,5,No blockage issues were present. Erosion was observed under and around the pipe outlet. The crossing had only 0.5m of road fill.,1,1,1,6,"The culvert was undersized for the stream, and minimal road fill made it highly susceptible to washout during a flood. The road was a small dirt road, so a washout would not be a significant issue.",1,10,8,8,10,5,42,48,Low traffic dirt road and not much road fill so construction would be quite straight forward. Known fish bearing stream with salmon point downstream. ,ignore_mobile/photos/20241009_142312.jpg,ignore_mobile/photos/20241009_142320.jpg,ignore_mobile/photos/20241009_142334.jpg,ignore_mobile/photos/20241009_142322.jpg,ignore_mobile/photos/20241009_142314.jpg,ignore_mobile/photos/20241009_142325.jpg,ignore_mobile/photos/20241009_142410.jpg,,,ignore_mobile/photos/20241009_142749.jpg,ignore_mobile/photos/20241009_142343.jpg,ignore_mobile/photos/20241009_142752.jpg,Upstream ,Upstream ,"<!DOCTYPE HTML PUBLIC ""-//W3C//DTD HTML 4.0//EN"" ""http://www.w3.org/TR/REC-html40/strict.dtd"">
<html><head><meta name=""qrichtext"" content=""1"" /><style type=""text/css"">
p, li { white-space: pre-wrap; }
</style></head><body style="" font-family:'.AppleSystemUIFont'; font-size:13pt; font-weight:400; font-style:normal;"">
<p style="" margin-top:0px; margin-bottom:0px; margin-left:0px; margin-right:0px; -qt-block-indent:0; text-indent:0px;""><a href=""https://www2.gov.bc.ca/assets/gov/environment/natural-resource-stewardship/land-based-investment/forests-for-tomorrow/field-assessment-for-determining-fish-passage-status-of-cbs.pdf/""><span style="" font-family:'Inter'; font-size:14px; text-decoration: underline; color:#0984ff;"">Link to Methods for Fish Passage Assessment</span></a></p></body></html>",,Yes,,,"Significant outlet drop. Pipe is in good condition but erosion under pipe outlet and road column on outlet side. Super nice stream with known fish in the system, salmon point downstream. Steep gradients at this crossing but crossing downstream on highway has low gradients and lots of nice gravels. Small dirt road with not much fill so replacement would be quite straight forward. ",FALSE,mod
2024-10-09T19:51:21Z,203302,22202142,AI,,newgraph_airvine,22202142,newgraph_airvine,,136,Teepee Creek ,Railway ,,CN Rail,Closed Bottom Structure,Round Culvert,,2.7,14,"Three concrete pipes, each 0.9m in diameter, were present, along with two 0.9m corrugated overflow pipes above. A stamp on the structure indicated it was built in 1944. All three concrete pipes were clogged at the inlet, ranging from 80% to 100% clogged with debris. This was a known fish-bearing stream, with a salmon point documented ~100m downstream in the FISS database. At this location, the stream was a mid-sized, steeper cobble-boulder step-pool system with only rare pockets of unembedded gravels. Deep pools were present, formed by boulder and large woody debris scour. Numerous small steps, ranging from 30–60cm, were present due to the steep, boulder-dominated nature of the stream. Downstream of the highway crossing, the stream had a lower gradient with frequent pools 0.3–0.5m deep, providing good overwintering habitat for fish and abundant gravels suitable for spawning.",,2024-10-09,11,344222,5862742,No,,No,No,,2,0.75,0.25,Yes,6,4.2,7,No,No,Deep Fill,Medium,,,,,,,,,,,,newgraph_airvine,1,1,3,5,"All three inlets for the concrete pipes were clogged with debris, ranging from 80% to 100% clogged. The railway ballast was in good shape.",2,2,4,9,"The railway installed two overflow pipes above the three concrete pipes to manage high-flow events. With the railway ballast composed of large angular cobble, a flood event seemed unlikely, provided the crossing was maintained. Downstream, residences were present before the highway, followed by additional private residences further below. A blowout at this location could have downstream impacts at the highway.",1,10,3,2,10,8,34,43," On the railway, so potentially very difficult to replace the crossing without interrupting transport services to severely. Apparently opportunity costs of closing the railway are very high, which leads apparently to very little addressing of environmental issues by this private corporation.          ",ignore_mobile/photos/20241009_130539.jpg,ignore_mobile/photos/20241009_130655.jpg,ignore_mobile/photos/20241009_130711.jpg,ignore_mobile/photos/20241009_130659.jpg,ignore_mobile/photos/20241009_130544.jpg,ignore_mobile/photos/20241009_130705.jpg,,,,ignore_mobile/photos/20241009_131505.jpg,,,,,"<!DOCTYPE HTML PUBLIC ""-//W3C//DTD HTML 4.0//EN"" ""http://www.w3.org/TR/REC-html40/strict.dtd"">
<html><head><meta name=""qrichtext"" content=""1"" /><style type=""text/css"">
p, li { white-space: pre-wrap; }
</style></head><body style="" font-family:'.AppleSystemUIFont'; font-size:13pt; font-weight:400; font-style:normal;"">
<p style="" margin-top:0px; margin-bottom:0px; margin-left:0px; margin-right:0px; -qt-block-indent:0; text-indent:0px;""><a href=""https://www2.gov.bc.ca/assets/gov/environment/natural-resource-stewardship/land-based-investment/forests-for-tomorrow/field-assessment-for-determining-fish-passage-status-of-cbs.pdf/""><span style="" font-family:'Inter'; font-size:14px; text-decoration: underline; color:#007aff;"">Link to Methods for Fish Passage Assessment</span></a></p></body></html>",Yes,,Yes,,"Three cocrete pipes at 0.9m each with two corrugated overflows above at 0.9m each. Stamp on structure is 1944. All three concrete pipes are clogged at the inlet ranging from 80% to 100% clogged with debris.
",FALSE,mod
