rowid,date,pscis_crossing_id,my_crossing_reference,crew_members,utm_zone,easting,northing,stream_name,road_name,road_km_mark,road_tenure,crossing_type,crossing_subtype,diameter_or_span_meters,length_or_width_meters,continuous_embeddedment_yes_no,average_depth_embededdment_meters,resemble_channel_yes_no,backwatered_yes_no,percentage_backwatered,fill_depth_meters,outlet_drop_meters,outlet_pool_depth_0_01m,inlet_drop_yes_no,culvert_slope_percent,downstream_channel_width_meters,stream_slope,beaver_activity_yes_no,fish_observed_yes_no,valley_fill,habitat_value,crossing_fix,recommended_diameter_or_span_meters,assessment_comment,source,aggregated_crossings_id,time_start,date_time_start,camera_id,site_id
,2023-09-09T00:00:00Z,,24716727,MW,10,433506,5987089,Murray Creek,Loop Rd,,Vanderhoof,Closed Bottom Structure,Round Culvert,5,25,No,,No,No,,1.5,0,1.5,No,1.5,6.2,1,No,Yes,Deep Fill,High,,,Huge system with wide channel. Hundreds of fry spotted upstream and some in culvert. Deep outlet pool suggesting culvert may be undersized. Would benefit from bridge replacement.,,,,2023-09-09T09:13:29Z,MateoW,24716727
,2023-09-09T00:00:00Z,,15600108,MW,10,429831,5990320,Murray Creek,Snell Rd E,,MOTI,Closed Bottom Structure,Round Culvert,2.2,15,No,,No,No,,2,0,0.4,No,0.5,2.1,1,No,No,Deep Fill,Low,,,Grassy wetland habitat upstream and downstream. Culvert diameter used as channel width and stream slope estimated. Beaver grate present at inlet. Some flow in culvert.  ,,,,2023-09-09T09:55:51Z,MateoW,15600108
,2023-09-09T00:00:00Z,,15600467,MW,10,429905,5990198,Murray Creek,Loop Road,,MOTI Local,Closed Bottom Structure,Round Culvert,3.2,16,No,,No,No,,4,0.3,1,No,2,2.2,1,No,No,Deep Fill,Medium,,,"Two culverts, only left one has water flowing through. Left one is warped in the middle. Very deep outlet pool. Wetland habitat upstream. Agricultural land downstream, with defined channel and good flow.  ",,,,2023-09-09T10:16:56Z,MateoW,15600467
,2023-09-09T00:00:00Z,,15600468,MW,10,429073,5991955,Murray Creek,Northside Rd,,MOTI,Closed Bottom Structure,Round Culvert,2.2,14,No,,No,Yes,100,1.5,0,0.5,No,0.5,2.7,0,No,No,Deep Fill,Low,,,Agricultural land on both sides and cow pasture downstream. Fully backwatered culvert with no flowing water. Cows seen intruding into the stream channel at time of survey. ,,,,2023-09-09T10:55:03Z,MateoW,15600468
,2023-09-09T00:00:00Z,,15600111,MW,10,429944,5992722,Murray Creek,Larson Road,,MOTI Local,Closed Bottom Structure,Concrete Box,3.1,16,No,,No,No,,0.5,0,0.1,No,0,2.7,0.5,No,No,Deep Fill,High,,,Stream section is part of rehab project. Not a fish passage issue at this time. Good habitat downstream. ,,,,2023-09-09T11:25:02Z,MateoW,15600111
,2023-09-09T00:00:00Z,,15600107,MW,10,430580,5990313,East Murray Creek,Snell Rd E,,MOTI Local,Closed Bottom Structure,Round Culvert,2.5,22,No,,No,No,,0.5,0,0.5,No,1,1.7,1,No,No,Deep Fill,Low,,,"No water in culvert. Dewatered upstream. Some standing water in outlet pool, then dewaters downstream. Clear signs of cattle intruding into channel upstream.  ",,,,2023-09-09T12:00:12Z,MateoW,15600107
,2023-09-09T00:00:00Z,,15600190,MW,10,431924,5991893,McIntosh Creek,Mcleod Pit Rd,,MOTI Local,Closed Bottom Structure,Round Culvert,1.8,12,No,,No,No,,0.5,0,0.3,No,1,1.6,1,No,No,Deep Fill,Low,,,"Three culverts. Water flowing through two pipes. The other one is dewatered, looks like it was installed too high. Overgrown channel upstream. Downstream goes through agricultural land. ",,,,2023-09-09T12:30:04Z,MateoW,15600190
,2023-09-09T00:00:00Z,,15600106,MW,10,431487,5990586,East Murray Creek,Northside Rd,,MOTI,Closed Bottom Structure,Round Culvert,2.5,18,No,,No,Yes,100,3,0,1.5,Yes,1,2.5,1,Yes,No,Deep Fill,Low,,,"Wetland habitat upstream and downstream. Huge beaver dam on inlet side creating drop. Adjacent landowner Ron reports there are no fish near this location. He reports that beaver activity increased significantly in the past few years, that is the only reason there is water here.  ",,,,2023-09-09T13:09:51Z,MateoW,15600106
,2023-09-09T00:00:00Z,,15603995,MW,10,431910,5995592,McIntosh Creek,Stringer Rd,,MOTI Local,Closed Bottom Structure,Round Culvert,0.5,10,No,,No,No,,1,0,0,No,1,0.7,1.5,No,No,Deep Fill,Low,,,Fully dewatered. Very small culvert. Signs of a stream channel but doesn't look like there has been water flowing in years.  ,,,,2023-09-09T13:57:33Z,MateoW,15603995
,2023-09-09T00:00:00Z,,15600147,MW,10,438071,5986296,Knight Creek,Sickness Road,,Vanderhoof,Closed Bottom Structure,Round Culvert,2.7,16,No,,No,No,,0.5,0,0,No,1,1.9,2,No,No,Deep Fill,Medium,,,No water in pipe. Periodic pools of standing water upstream and downstream but no flowing water. Habitat looks like it would be good during higher flow. NEWWS has planned restoration work for this site.,,,,2023-09-09T14:51:44Z,MateoW,15600147
,2023-09-09T00:00:00Z,,15600011,MW,10,439543,5988470,Knight Creek,Gulbranson Rd,,MOTI Local,Closed Bottom Structure,Round Culvert,1.7,14,No,,No,No,,1.5,0,2,No,1,1.7,1.5,No,No,Deep Fill,Low,,,"Huge outlet pool, but no drop. No water in pipe and no flowing water in stream. ",,,,2023-09-09T15:09:18Z,MateoW,15600011
,2023-09-09T00:00:00Z,,15600572,MW,10,449681,5990078,Tributary to Tritt Creek,Sturgeon Pt Rd,,MOTI,Closed Bottom Structure,Round Culvert,3,16,No,,No,No,,1,0,0,No,1.5,3,1,No,No,Deep Fill,Low,,,"Dewatered. No well defined stream channel. Three culverts, diameter totaled. ",,,,2023-09-09T15:44:14Z,MateoW,15600572
,2023-09-09T00:00:00Z,,15600468,MW,10,429073,5991955,Murray Creek,Northside Rd,,MOTI,Closed Bottom Structure,Round Culvert,2.2,14,No,,No,Yes,100,1.5,0,0.5,No,0.5,2.7,0,No,No,Deep Fill,Low,,,Agricultural land on both sides and cow pasture downstream. Fully backwatered culvert with no flowing water. Cows seen intruding into the stream channel at time of survey.  Chinook observation upstream from 2019.,,,,2023-09-09T10:55:03Z,MateoW,15600468
,2023-09-10T00:00:00Z,,15600483,MW,10,425343,5991993,Clear Creek,Braeside Rd,,MOTI,Closed Bottom Structure,Oval Culvert,3.9,17,No,,No,No,,2,0,0.6,No,1.5,4.7,0.5,No,No,Deep Fill,High,,,"High quality habitat upstream, wide channel with good flow. Lots of instruments vegetation near culvert. Not a major fish passage issue at this time. ",,,,2023-09-10T09:33:54Z,MateoW,15600483
,2023-09-10T00:00:00Z,,15600488,MW,10,427033,5994538,Tributary to Clear Creek,Highway 27S,,MOTI,Closed Bottom Structure,Round Culvert,1.3,20,No,,No,Yes,100,2.5,0,0.8,No,1,1.3,1,Yes,No,Deep Fill,Low,,,"Wetland upstream and downstream. A lot of beaver activity upstream, big pond near inlet. Culvert is very warped on inlet side.  Chinook observations downstream on near by Clear Creek.",,,,2023-09-10T09:56:44Z,MateoW,15600488
,2023-09-10T00:00:00Z,,15600493,MW,10,425987,5997655,Tributary to Clear Creek,Blue Mountain Road,,MOTI Local,Closed Bottom Structure,Round Culvert,0.95,10,No,,No,No,,1,0.7,0.7,No,1,1.1,4,No,No,Deep Fill,Medium,,,"Good habitat quality downstream. Worse upstream, overgrown and smaller channel. Significant outlet drop, barrier to smaller fish.",,,,2023-09-10T10:44:11Z,MateoW,15600493
,2023-09-10T00:00:00Z,,15600120,MW,10,426006,5998858,Clear Creek,Fourteen Mile Rd,,MOTI Local,Closed Bottom Structure,Round Culvert,2.35,10,No,,No,Yes,100,0.3,0,0.4,No,1,2.5,4,Yes,No,Deep Fill,Low,,,"Two pipes, approx 15m apart but part of same system. No flowing water through either. Signs of beaver activity upstream. ",,,,2023-09-10T11:05:23Z,MateoW,15600120
,2023-09-10T00:00:00Z,,15600520,MW,10,424104,6000564,Clear Creek,Highway 27 S,,MOTI,Closed Bottom Structure,Round Culvert,1.6,20,No,,No,No,,2,0.1,0.6,No,0,2.2,0,No,No,Deep Fill,Low,,,"Big wetland upstream, beaver gate at inlet. Big debris jam in middle of culvert. Only water in pipe near inlet. Dewatered channel downstream at time of survey. ",,,,2023-09-10T11:44:44Z,MateoW,15600520
,2023-09-10T00:00:00Z,,15600119,MW,10,425557,5996141,Clear Creek,Highway 27 S,,MOTI,Closed Bottom Structure,Round Culvert,1.7,22,No,,No,No,,2.5,0.3,0.4,No,7,2.5,5,No,No,Deep Fill,High,,,"High habitat value, wide channel with good flow and gravels. Culvert is very damaged near outlet. There are holes on bottom of pipe about 5m from outlet where water is running through and under the pipe. Culvert is angled down near outlet. Barrier that is a very good candidate for replacement.  ",,,,2023-09-10T12:15:10Z,MateoW,15600119
,2023-09-10T00:00:00Z,,24716705,MW,10,422841,5993387,Moss Creek,Braeside Rd,,MOTI,Closed Bottom Structure,Round Culvert,1.6,18,No,,No,No,,2.5,0,0.2,No,1,2.2,1,Yes,No,Deep Fill,Low,,,Inlet almost completely blocked by debris and wood. Wetland upstream. Beaver dam blocking most of water just downstream of outlet pool.  Chinook observations noted downstream,,,,2023-09-10T13:01:50Z,MateoW,24716705
,2023-09-10T00:00:00Z,,15600122,MW,10,420920,5993688,Redmond Creek,Braeside Rd,,MOTI,Closed Bottom Structure,Round Culvert,1.5,30,No,,No,No,,6,0.5,1,No,2.5,1.9,3,No,No,Deep Fill,Low,,,"Big, deep outlet pool. Water is flowing from inlet under the pipe for ~10m and then entering pipe through small hole and then flowing in pipe to outlet. ",,,,2023-09-10T13:44:39Z,MateoW,15600122
,2023-09-10T00:00:00Z,,15600154,MW,10,416009,5993732,Trankle Creek,Braeside Rd,,MOTI,Closed Bottom Structure,Round Culvert,1,16,No,,No,No,,1,0,0,No,1,1,2,No,No,Deep Fill,Low,,,"Dewatered, no well defined stream channel. Agricultural fields on both sides. ",,,,2023-09-10T14:18:04Z,MateoW,15600154
,2023-09-10T00:00:00Z,,15600124,MW,10,419953,5995257,Redmond Creek,Walker Rd,,MOTI Local,Closed Bottom Structure,Round Culvert,0.6,10,No,,No,No,,1,0.5,0.3,No,0,0.9,1,No,No,Deep Fill,Low,,,Very small channel. Agricultural fields upstream and downstream of crossing with no tree cover. ,,,,2023-09-10T14:39:14Z,MateoW,15600124
,2023-09-10T00:00:00Z,,15600486,MW,10,420111,5994723,Redmond Creek,Spur,,Unclassified,Other,Ford,30,15,No,,No,No,,,,,No,,,,No,No,,,,,NA,,,,2023-09-10T14:54:00Z,MateoW,15600486
,2023-09-10T00:00:00Z,,15600362,MW,10,449050,5977312,Tributary to Hulatt Creek,Barsness Rd,,MOTI Local,Closed Bottom Structure,Round Culvert,0.8,9,No,,No,No,,0.5,0,0,No,1,0.8,1,No,No,Deep Fill,Low,,,Dewatered cow field upstream with no defined channel. Small channel downstream with no water. ,,,,2023-09-10T15:54:33Z,MateoW,15600362
,2023-09-11T00:00:00Z,,15600065,MW,10,441140,5989596,Knight Creek,Spur,,MOTI Local,Open Bottom Structure,Bridge,13,4.5,No,,No,No,,,,,No,,,,No,No,,,,,Restoration work conducted at this crossing. No flowing water at time of survey. Livestock field upstream. Goats seen trampling through stream channel.,,,,2023-09-11T09:59:33Z,MateoW,15600065
,2023-09-11T00:00:00Z,,15600434,MW,10,442800,5991029,Gilbert Creek,Gilbert Rd,,MOTI Local,Closed Bottom Structure,Round Culvert,0.9,10,No,,No,No,,2,0,0,No,1.5,1.9,2.5,No,No,Deep Fill,Low,,,Landowner reports there hasn't been water in stream since the spring. ,,,,2023-09-11T10:18:36Z,MateoW,15600434
,2023-09-11T00:00:00Z,,15600431,MW,10,441794,5990161,Gilbert Creek,Sturgeon Point Rd,,MOTI,Closed Bottom Structure,Round Culvert,0.9,15,No,,No,No,,1,0.6,0.2,No,1,1.2,1,No,No,Deep Fill,Low,,,"Dewatered stream, small amount of water in outlet pool. Appears to be big outlet drop when the stream is flowing. No well defined channel upstream. Channel width and gradient estimated as areas immediately upstream and downstream are fenced off. ",,,,2023-09-11T10:37:09Z,MateoW,15600431
,2023-09-11T00:00:00Z,,15600311,MW,10,444371,5989869,Knight Creek,Bave Rd,,MOTI Local,Closed Bottom Structure,Round Culvert,3,14,No,,No,No,,1.5,0.6,0,No,1.5,1.3,1,No,No,Deep Fill,Low,,,"Two pipes. Dewatered stream. Appears to be big outlet drop and deep outlet pool when stream was flowing in the past. Debris jam near outlet blocking channel. Grassy habitat upstream, with small channel. ",,,,2023-09-11T11:10:27Z,MateoW,15600311
,2023-09-11T00:00:00Z,,15600314,MW,10,446488,5982434,Leona Creek,Sackner Rd,,MOTI Local,Closed Bottom Structure,Round Culvert,1.45,18,No,,No,No,,5,0,0,No,0,0.7,2,No,No,Deep Fill,Low,,,Dewatered stream. Very small channel upstream. Culvert was installed deep down into the valley. ,,,,2023-09-11T11:40:33Z,MateoW,15600314
,2023-09-11T00:00:00Z,,15600305,MW,10,442969,5985328,Leduc Creek,Sackner Rd,,MOTI Local,Closed Bottom Structure,Round Culvert,1.4,30,No,,No,No,,4,0,0,No,0.5,1,1,No,No,Deep Fill,Low,,,Dewatered stream. Small channel downstream. Inlet side is fenced off by barb wire ,,,,2023-09-11T12:10:19Z,MateoW,15600305
,2023-09-11T00:00:00Z,,15600459,MW,10,433132,5991214,East Murray Creek,Strieger Rd,,MOTI Local,Closed Bottom Structure,Round Culvert,3.6,16,No,,No,No,,0.5,0,0,No,1,2.6,0,No,No,Deep Fill,Low,,,Three pipes. Dewatered stream. Culverts look old and near end of life. Grassy channel going through agricultural field upstream. Big debris jam blocking inlet of middle culvert. ,,,,2023-09-11T12:39:13Z,MateoW,15600459
,2023-09-11T00:00:00Z,,15600182,MW,10,435117,5987010,Tributary to Nechako River,Sackner Rd,,MOTI Local,Closed Bottom Structure,Round Culvert,1.2,30,No,,No,No,,9.9,1.2,1.6,No,1,1.3,3,No,No,Deep Fill,Low,,,Very big outlet drop and deep outlet pool. Trickle of water flowing through culvert. Dewatered downstream of outlet pool and dewatered upstream of culvert. Channel width taken upstream but channel is wider downstream of crossing. Culvert is warped and a little corroded. Definitely a barrier to fish passage even at higher flows.,,,,2023-09-11T13:09:19Z,MateoW,15600182
,2023-09-11T00:00:00Z,,15600158,MW,10,434160,5985531,Tributary to Nechako River,Chilco Ave,,Vanderhoof,Closed Bottom Structure,Round Culvert,0.8,16,No,,No,Yes,100,2,0,0,No,0,1.5,1,No,No,Deep Fill,Low,,,"Very small channel downstream, wider upstream. Small amount of flow, grassy wetland habitat. Not likely fish bearing stream section.",,,,2023-09-11T13:50:05Z,MateoW,15600158
,2023-09-11T00:00:00Z,,15605366,MW,10,434208,5985603,Tributary to Nechako River,Rail,,CN Rail,Closed Bottom Structure,Round Culvert,0.9,18,No,,No,Yes,100,2,0,0.5,No,0,1.3,0,No,No,Deep Fill,Low,,,Wetland downstream. No defined channel seen upstream.,,,,2023-09-11T13:56:33Z,MateoW,15605366
,2023-09-11T00:00:00Z,,15600490,MW,10,426233,5995486,Tributary to Clear Creek,Highway 27 S,,MOTI,Closed Bottom Structure,Round Culvert,0.9,20,No,,No,No,,3,0.9,0.5,No,4,1.1,3,No,No,Deep Fill,Medium,,,"Very big outlet drop. Small channel upstream, grassy habitat near crossing. Bigger channel downstream with much better looking habitat.  Chinook confirmed downstream on nearby Clear Creek.",,,,2023-09-11T15:41:05Z,MateoW,15600490
,2023-09-11T00:00:00Z,,15604176,MW,10,412266,6001835,Tributary to Nechako River,Spur,,Canfor R09185,Other,Ford,20,15,No,,No,No,,,,,No,,,,No,No,,,,,"Deactivated road. Old culverts seen in pictures, now a ford.",,,,2023-09-11T16:15:48Z,MateoW,15604176
,2023-09-11T00:00:00Z,,15603729,MW,10,403775,6000768,Nine Mile Creek,Dog Creek FSR,3.5,MOTI Unclassified,Closed Bottom Structure,Round Culvert,2.6,12,No,,No,No,,0.5,0,0.5,No,1,2.4,1,No,No,Deep Fill,High,,,Very nice stream with high habitat quality. Nice gravels and wide channel. Two pipes that look very old but still passable.  Confirmed RB in stream.,,,,2023-09-11T16:59:42Z,MateoW,15603729
,2023-09-11T00:00:00Z,,15600285,MW,10,403897,5998780,Nine Mile Creek,Settlement Rd,,MOTI Local,Closed Bottom Structure,Round Culvert,3,9,No,,No,No,,0.5,0.5,2,No,1,3,2,Yes,No,Deep Fill,Medium,,,"Two pipes, both with similar outlet drops. Inlet side has extensive beaver activity. Dams are covering the inlet, culverts are not visible. Huge wetland upstream. Very big outlet pool, depth estimated. Needs to be replaced, or beaver activity managed. Habitat looks good downstream. High habitat value at crossing upstream. Confirmed RB in stream.",,,,2023-09-11T17:26:25Z,MateoW,15600285
,2023-09-12T00:00:00Z,,15600112,MW,10,426644,5985671,Goldie Creek,Highway 27 S,,MOTI,Closed Bottom Structure,Round Culvert,2.2,30,No,,No,Yes,100,4,0,0.5,No,1,2.2,1.5,No,No,Deep Fill,Low,,,Not a flowing stream. Horse field downstream. Fenced off on both sides of pipe. ,,,,2023-09-12T08:23:29Z,MateoW,15600112
,2023-09-12T00:00:00Z,,15600427,MW,10,424186,5985604,Goldie Creek,Highway 16 W,,MOTI,Closed Bottom Structure,Round Culvert,2,26,No,,No,No,,1,0,0.4,No,2,3.1,0.5,No,No,Deep Fill,Low,,,"Dewatered stream. Big wide outlet pool with some water in it, could be rainwater. Pipe very corroded on outlet side. Wide stream channel upstream with ok habitat. Grassy channel downstream.  ",,,,2023-09-12T08:55:03Z,MateoW,15600427
,2023-09-12T00:00:00Z,,15600478,MW,10,418610,5987801,Croft Creek,Landaluza Rd,,MOTI Local,Closed Bottom Structure,Round Culvert,0.9,10,No,,No,No,,0.5,0,0,No,1,0.9,0,No,No,Deep Fill,Low,,,Wetland upstream and downstream. Culvert blocked with some debris and overgrown with vegetation. Probably hasn't been flow through pipe in a while.,,,,2023-09-12T09:26:55Z,MateoW,15600478
,2023-09-28T00:00:00Z,,5400446,AI,10,307446,6030655,Rentoul Creek,Highway 16,,MOTI,Closed Bottom Structure,Round Culvert,2.25,22,No,,No,Yes,100,1,0,0.3,No,1.5,3.8,2,No,No,Deep Fill,High,,,Nice stream with good flow and abundant gravel throughout low gradients.  Adjacent property is northern wildlife design.  Crossing is currently 100% backwaters and passable to all life stages and species at these lower flow levels.                    ,,,,2023-09-28T12:01:27Z,newgraph_airvine,5400446
,2023-09-28T00:00:00Z,,5400442,AI,10,311759,6025526,Tributary to Endako River,Highway 16,,MOTI,Closed Bottom Structure,Round Culvert,7.1,24,No,,No,No,,1.8,0.85,1.3,No,2.5,10,1.5,No,No,Deep Fill,Medium,,," This is two 1.55 m pipes plus a 0.6 m overflow.  North large pipe has strange apron on inlet.  Stream is deeply insized (2.5 m deep) within agricultural field on downstream side.  No riparian for approximately 70 m downstream on right bank.  Stream is partially dewatered with stagnant pools throughout.  Forgie Creek dam,  owned by Hart George F/V B,  is upstream and may be influencing flow.  Channel is choked downstream with grasses in many places indicating flow is not occurring year around.           ",,,,2023-09-28T12:57:11Z,newgraph_airvine,5400442
,2023-09-28T00:00:00Z,,24707052,AI,10,311577,6025364,Tributary to Endako River ,West Decker Road,,MOTI,Closed Bottom Structure,Round Culvert,3.6,22.5,No,,No,No,,2,0,0.6,No,0,4,0.5,No,No,Deep Fill,Medium,,,"Was modelled as open bottom structure,  has now been changed to CBS.  Larger drainage with agricultural fields both upstream and downstream.  Heavily impacted riparian with primarily field on either side upstream and downstream.  Channel choked out with agronomic grasses.  Mostly dewatered except for intermittent stagnant pools.  Unassessed railway crossing downstream.          ",,,,2023-09-28T13:48:59Z,newgraph_airvine,24707052
,2023-09-28T00:00:00Z,,5400589,AI,10,311154,6025092,Tributary to Endako River ,West Decker Rd,,MOTI,Closed Bottom Structure,Round Culvert,1.7,21.5,No,,No,Yes,100,1,0,1,No,0,4.5,0,Yes,No,Deep Fill,Medium,,," Major beaver activity with inlet of pipe 3/4 blocked by mud.  0.6m overflow pipe also present.  Low gradient, willow dominated,  beaver influenced floodplain habitat upstream and downstream.  Pipe is back watered however, the inlet is blocked so fish passage was not happening at time of assessment.  Crossing on railway upstream, not yet assessed.                 ",,,,2023-09-28T14:10:33Z,newgraph_airvine,5400589
,2023-09-28T00:00:00Z,,5400159,AI,10,319797,6012952,Sauls Creek,Government Rd,,Burns Lake,Open Bottom Structure,Bridge,4,11,No,,No,No,,,,,No,,,,No,No,,,,,Dry channel.  Bridge.,,,,2023-09-28T14:56:53Z,,5400159
,2023-09-28T00:00:00Z,,5400179,AI,10,319471,6012988,Sauls Creek,Railway Avenue ,,Burns Lake,Closed Bottom Structure,Round Culvert,4.5,37.5,Yes,0.75,Yes,No,,1.5,0,0,No,0,2.8,0,Yes,No,Deep Fill,Medium,,,There are three 1.5m pipes located under Railway Avenue continuing all the way under the railway line.  Pipes are inbedded at or more than 50% of their depth.  Stream was dry at the time of assessment and scoured channels indicate a fairly small system.,,,,2023-09-28T15:25:25Z,,5400179
,2023-09-28T00:00:00Z,,5400450,MW,9,693922,6032097,Endako River,Highway 16 W,,MOTI,Closed Bottom Structure,Round Culvert,2.5,32,No,,No,No,,2,1,0.9,No,0,3.1,2,No,No,Deep Fill,High,,,"Moderate flow, wide stream with nice gravels upstream. Runs through rural area. Big outlet drop and deep pool. Erosion and embankment issues above culvert on outlet side. Rainbow confirmed downstream. ",,,,2023-09-28T11:36:12Z,MateoW,5400450
,2023-09-28T00:00:00Z,,5400448,MW,10,306137,6031749,Relief Creek,Highway 16 W,,MOTI,Closed Bottom Structure,Round Culvert,2.1,44,No,,No,Yes,25,4,0,0.5,No,3,2.4,3,No,Yes,Deep Fill,High,,,"Long pipe, no outlet drop but culvert is partially backwatered at outlet. Small fish spotted in outlet pool. Upstream goes into private land and is fenced off. ",,,,2023-09-28T12:13:13Z,MateoW,5400448
,2023-09-28T00:00:00Z,,5400445,MW,10,309133,6028926,Allen Creek,Highway 16 W,,MOTI,Closed Bottom Structure,Round Culvert,2.6,16,No,,No,No,,0.4,0,0,No,3,3.4,1,No,No,Deep Fill,Low,,,"Dewatered stream. Wide channel, private land on both sides. Culvert looks old and corroded, abundant fill in barrel. ",,,,2023-09-28T12:44:04Z,MateoW,5400445
,2023-09-28T00:00:00Z,,5400440,MW,10,313583,6022421,Powder House Creek,Highway 16 W,,MOTI,Closed Bottom Structure,Oval Culvert,2.3,20,No,,No,No,,1,0.2,0,Yes,5,3.5,4,No,No,Deep Fill,Low,,,"Dewatered stream. Small pool near outlet, probably from rain. Rainbow confirmed in past upstream. Two 3m falls upstream. Culvert is very old, corroded and has small holes in bottom. If stream was flowing water would run under pipe. ",,,,2023-09-28T13:18:49Z,MateoW,5400440
,2023-09-28T00:00:00Z,,5406295,MW,10,313514,6022401,Powder House Creek,Rail,,CN Rail,Closed Bottom Structure,Round Culvert,2.2,12,No,,No,No,,1.2,0.5,0,No,5,4.1,2,No,No,Deep Fill,Low,,,"Two pipes. Debris jam blocking majority of inlet on both pipes. Dewatered stream, wide channel. Moderate outlet drop on both culverts.",,,,2023-09-28T13:50:33Z,MateoW,5406295
,2023-09-28T00:00:00Z,,5400044,MW,10,316235,6018694,Decker Creek,Highway 16 W,,MOTI,Closed Bottom Structure,Round Culvert,2.6,32,No,,No,No,,1.3,0.6,0,No,2,4.3,4,No,No,Deep Fill,Low,,,"Dewatered stream at time of survey. Wide channel, abundant boulders downstream of crossing. Rainbow confirmed upstream in past. Culvert is old and corroded badly on outlet side. Stream most likely flows under culvert near outlet during high flow. ",,,,2023-09-28T14:15:04Z,MateoW,5400044
,2023-09-28T00:00:00Z,,5400227,MW,10,317315,6016973,Gauvin Creek,Highway 16 W,,MOTI,Closed Bottom Structure,Round Culvert,1.2,48,No,,No,No,,4,0.2,0,No,2,1.1,2,No,No,Deep Fill,Low,,,"Very long culvert length and high fill depth, two pipes. Mostly dewatered stream. Small pools upstream, stagnant water. Small, confined channel. Can't see the other end of pipe, culvert slope estimated. Might be some blockage or culvert is bent in middle. Unassessed railway crossing just downstream.",,,,2023-09-28T14:49:25Z,MateoW,5400227
,2023-09-28T00:00:00Z,,5400286,MW,10,320733,6009596,Guyishton Creek,Highway 35,,MOTI,Closed Bottom Structure,Oval Culvert,4,22,No,,No,No,,0.1,0.6,0.5,No,2,2.8,3,No,Yes,Deep Fill,High,,,"Small fry spotted in culvert and in outlet pool. Two pipes, both old and corroded. Small holes in both pipes causing some water to flow under pipe. Very low fill depth, culverts almost at highway. Near Burns Lake, in residential area. Habitat looks good upstream. RB and LSU upstream in Guyishton Lake. ",,,,2023-09-28T15:48:58Z,MateoW,5400286
,2023-09-28T00:00:00Z,,5400042,MW,10,322424,6011731,Wardrop Creek,Highway 16,,MOTI,Closed Bottom Structure,Round Culvert,3.5,30,No,,No,No,,4,0,0,No,4,2.4,3,No,Yes,Deep Fill,High,,,"Culvert almost fully embedded except for small section at inlet side. Small fish seen in culvert and upstream of crossing. Moderate flow, wide channel. RB confirmed upstream in past. ",,,,2023-09-28T16:36:18Z,MateoW,5400042
,2023-09-28T00:00:00Z,,5400181,MW,10,321873,6012125,Wardrop Creek,Roumieu drive,,Burns Lake,Closed Bottom Structure,Round Culvert,0.8,28,No,,No,Yes,100,3,0,0.5,No,2,0.8,1,Yes,No,Deep Fill,Low,,,"Culvert is backwatered and fully submerged on inlet side.Outlet side barely visible. Wetland/grassy habitat upstream and downstream. Stagnant water present in pools, no flowing water. Assuming beaver activity due to beaver grate on intlet and beaver damn seen downstream in photos.  Silt fencing seen on downstream left bank and major erosion on downstream right bank, based on photos.",,,,2023-09-28T17:02:58Z,MateoW,5400181
,2023-09-29T00:00:00Z,,5400423,AI,10,327463,6011366,Stearns Creek,Tintagel Road,,MOTI,Closed Bottom Structure,Round Culvert,3.6,21.5,No,,No,Yes,60,1,0,0.1,No,1.5,5,1.5,No,No,Deep Fill,High,,," Two pipes at 1.8 m each,  north pipe slightly lower than south pipe at outlet.  Good side stream with great flow for this time of year on a dry year.  Abundant black algae on gravel and cobble substrate.  Very nice stream.  Appears to have decent riparian health adjacent to the crossing but riparian buffer to be enlarged particularly on upstream south side.           ",,,,2023-09-29T09:42:44Z,newgraph_airvine,5400423
,2023-09-29T00:00:00Z,,5400216,AI,10,341709,6003118,Tributary to Endako River,Highway 16,,MOTI,Closed Bottom Structure,Round Culvert,1.8,25,No,,Yes,No,,2,0,0.3,No,2,2.6,1,No,No,Deep Fill,Medium,,,Dry at time of survey.  Abundant gravels throughout.  Crossing on railway downstream still unassessed.  Modelled crossing below.  First 5 m of pipe is rusted through on the bottom side.  Deeply incised banks upstream indicate the stream has a lot of flow at sometimes in the year with a decent amount of power. 9m falls ~1km upstream.Upstream Co-op Lake stocked with KO from 2017-2023 and EB from 1963-2023.,,,,2023-09-29T10:56:54Z,newgraph_airvine,5400216
,2023-09-29T00:00:00Z,,5400024,AI,10,345676,6001245,Endako River ,Highway 16,,MOTI,Closed Bottom Structure,Round Culvert,12,35,No,,No,Yes,100,3,0,0.7,No,0.5,17,0,Yes,No,Deep Fill,High,,," Three 4 m diameter pipes.  All three pipes are 100% backwatered, but passable based on photos. Road prism and pipes appear to be in good condition.  Extensive beaver activity upstream and downstream.           ",,,,2023-09-29T11:35:39Z,newgraph_airvine,5400024
,2023-09-29T00:00:00Z,,5400121,AI,10,346590,6001339,Tributary to Endako River,Priestly Station Road,,MOTI Local,Closed Bottom Structure,Round Culvert,0.6,13.5,No,,No,No,,0.7,0.1,0.25,No,3,1.8,0.5,Yes,No,Deep Fill,Medium,,,Small stream with very good flow immediately adjacent to the main stem of the Endako River.  Could be valuable Chinook rearing area during high flow periods.  Pipe is bent in the middle so top half is backwatered but the bottom half is not.  Small outlet drop.  There is a large lump in the road at the pipe and pylons have been set up here likely to warn drivers.,,,,2023-09-29T12:11:02Z,newgraph_airvine,5400121
,2023-09-29T00:00:00Z,,5400192,AI,10,353705,5996651,Sam Ross Creek,Highway 16,,MOTI,Closed Bottom Structure,Round Culvert,1.55,23,No,,No,No,,1.8,0,0,No,1,1.6,2.5,No,No,Deep Fill,Medium,,,"Dry at time of survey.  Stream may be channelized upstream due to driveways to private properties on either side of the stream.  Appears to have narrow,  but decently healthy cottonwood dominated riparian,  which could help dissipate flows and floods and runoff.  Crack in Highway at culvert with minor erosion of road prism on downstream side.  Stream labelled as Ross creek on sign.           ",,,,2023-09-29T12:42:58Z,newgraph_airvine,5400192
,2023-09-29T00:00:00Z,,5400235,AI,10,371691,5993173,Alf Creek,Highway 16,,MOTI,Closed Bottom Structure,Round Culvert,0.9,20,No,,No,No,,0.7,1.2,0.4,No,2,1,3,No,No,Deep Fill,Low,,,Dry with very poorly defined channel upstream and downstream.  Seems very unlikely that this system could support fish.  Pipe is rusted right through at the inlet for the first metre or so.  Pipe is in very bad shape. ,,,,2023-09-29T13:41:54Z,newgraph_airvine,5400235
,2023-09-29T00:00:00Z,,5400045,AI,10,391513,5991795,Tributary to Fraser Lake,Highway 16,,MOTI,Closed Bottom Structure,Round Culvert,1.5,50,No,,No,No,,9.9,0.4,0.5,No,0.5,4,2,No,No,Deep Fill,Medium,,,"Dry at time of survey.  Upstream channel is choked with reed canary grass.  Downstream is extremely thick willow with multiple channels present.  Stream provides access to Drywilliam lake.  Road fill was measured at 12m,  but changed to 9.9 to satisfy provincial submission requirements.              ",,,,2023-09-29T14:31:28Z,newgraph_airvine,5400045
,2023-09-29T00:00:00Z,,15600273,AI,10,398480,5976390,Tahultzu Creek ,Zalenski Road ,,MOTI,Closed Bottom Structure,Round Culvert,1.5,18,No,,No,Yes,100,0.5,0,0.3,No,0.5,3,0,No,No,Deep Fill,Medium,,,"Stream is extremely impacted by cattle ranching.  Banks eroded and trampled.  Algae indicates nutrient inputs from cows are high.  Pipes are old with a lot of rust.  Habitat value is currently very poor,  but historically wouldâ€™ve been high.  Still a good amount of flow for a dry year.  100% backwatered however,  depth of the water is only approximately 1 cm.  Absolutely no riparian vegetation or cattle exclusion fencing on the upstream side for as far as the eye can see (approximately 1 km.).           ",,,,2023-09-29T15:33:57Z,newgraph_airvine,15600273
,2023-09-29T00:00:00Z,,15600048,AI,10,397528,5976165,Tahultzu Creek,Lily Lake Road,,MOTI,Closed Bottom Structure,Round Culvert,1.8,17,Yes,0.2,Yes,Yes,100,1,0,0.3,No,0,3,0,No,No,Deep Fill,Low,,,Two pipes (1.2m and 0.6m). 100% backwater. Guessing the pipes are embedded but cannot see due to poor water quality. This stream is extremely impacted by poor cattle ranching practices. There is no riparian fencing and cattle have completely trampled all the banks.  There is no riparian vegetation and water quality is extremely poor. This stream could likely be very productive for chinook and other species if eventually restored.           ,,,,2023-09-29T16:01:11Z,newgraph_airvine,15600048
,2023-09-29T00:00:00Z,,5400180,AI,10,321069,6011579,Wardrop Creek ,Glans Drive,,Burns Lake,Open Bottom Structure,Pipe Arch,2.65,12.5,No,,No,No,,,,,No,,,,No,No,,,,,Pipe arch. Passable.  Modelled crossings 5406290 and 5400675 downstream adjacent to Burn's Lake shoreline have not been assessed.,,,,2023-09-29T17:53:31Z,newgraph_airvine,5400180
,2023-09-29T00:00:00Z,,5403082,MW,10,327620,6010443,Steams Creek,Highway 16,,MOTI,Closed Bottom Structure,Round Culvert,1.7,22,No,,No,Yes,100,1.8,0,0,No,2.5,3.1,2,No,No,Deep Fill,High,,,Backwatered at outlet but some flow upstream and downstream.  Some gravels upstream.  Private property on both sides.  RB confirmed upstream.  Downstream railway crossing yet to be assessed. ,,,,2023-09-29T09:23:27Z,MateoW,5403082
,2023-09-29T00:00:00Z,,5400028,MW,10,330232,6009362,Tintagel Creek,Highway 16,,MOTI,Closed Bottom Structure,Round Culvert,3.8,44,Yes,0.2,No,No,,2,0,0,No,2,3.6,1,No,No,Deep Fill,High,,,"Wide channel, nicely installed moti major structure that appears fully passable. Fully embedded with stream substrate in barrel. 3m falls 1.3 km upstream.  Unassessed but deemed passable railway crossing just downstream.",,,,2023-09-29T09:56:11Z,MateoW,5400028
,2023-09-29T00:00:00Z,,5401513,MW,10,330328,6009420,Tintagel Creek,Unnamed,,Unclassified,Other,Ford,3,2,No,,No,No,,,,,No,,,,No,No,,,,,"Small trail, wide channel.",,,,2023-09-29T10:00:48Z,MateoW,5401513
,2023-09-29T00:00:00Z,,5400157,MW,10,337777,6007094,Sheraton Creek,Highway 16,,MOTI,Closed Bottom Structure,Round Culvert,2.6,52,No,,No,No,,4,1.8,1.5,No,3,6.5,4,No,Yes,Deep Fill,High,,,"Very wide channel, culvert is undersized and perched. Deep outlet pool and huge outlet drop. Small fish seen in outlet pool. RB confirmed in past upstream and downstream. Waterfalls way upstream. Just upstream of Babine Forest Products Ltd lumber yard. Another barrier just downstream.",,,,2023-09-29T11:11:26Z,MateoW,5400157
,2023-09-29T00:00:00Z,,5401774,MW,10,337850,6006827,Sheraton Creek,Unnamed,,Burns Lake,Closed Bottom Structure,Round Culvert,2.5,14,No,,No,No,,1,1.4,2,No,3,5.6,3,No,No,Deep Fill,High,,,"Near entrance to lumber yard, Babine Forest Products Ltd. Barrier just upstream. Railway downstream has not been assessed yet. Big outlet drop with very deep pool. Wide stream channel with low water levels. RB upstream.",,,,2023-09-29T11:25:01Z,MateoW,5401774
,2023-09-29T00:00:00Z,,5400193,MW,10,352357,5996976,Tchesinkut Creek,Highway 16,,MOTI,Closed Bottom Structure,Round Culvert,4,32,No,,No,Yes,100,2.2,0,0,No,1,8.4,1,No,No,Deep Fill,Low,,,Wetland downstream and upstream. Stream channel upstream is more defined. Pipe is fully backwatered. ,,,,2023-09-29T12:21:46Z,MateoW,5400193
,2023-09-29T00:00:00Z,,5400019,MW,10,366638,5995282,Four Mile Creek,Highway 16,,MOTI,Closed Bottom Structure,Round Culvert,1.2,99.9,No,,No,No,,6,0,0,No,1,1.1,3,No,No,Deep Fill,Low,,,"Culverts runs underneath highway and railway. Outlet could not be found, possibly buried. Creek found below railway and flows to the Endako confluence. Beaver grate on inlet side. ",,,,2023-09-29T13:07:39Z,MateoW,5400019
,2023-09-29T00:00:00Z,,5400239,MW,10,381850,5991183,Robertson Creek,Highway 16,,MOTI,Closed Bottom Structure,Round Culvert,1.5,45,No,,No,No,,5,0.2,0,No,5,2.3,2,No,No,Deep Fill,Low,,,"Dewatered stream. RB, LKC and LSU confirmed upstream in past. Foster Creek joins this stream just upstream of crossing. Old culvert, bent in middle. Unassessed railway crossing downstream.",,,,2023-09-29T14:27:03Z,MateoW,5400239
,2023-09-29T00:00:00Z,,15600265,MW,10,399029,5988757,Tributary to Nechako River,Lily Lake Rd,,MOTI Local,Closed Bottom Structure,Round Culvert,1.4,18,No,,No,No,,1.5,0.4,0,No,3,1.9,3,No,No,Deep Fill,Low,,,Dewatered stream. Fenced off private land on both sides. Small outlet drop. ,,,,2023-09-29T15:19:42Z,MateoW,15600265
,2023-09-29T00:00:00Z,,15600301,MW,10,401104,5983401,Tributary to Smith Creek,Lily Lake Rd,,MOTI Local,Closed Bottom Structure,Round Culvert,1.2,24,No,,No,No,,3,0,0,No,2,1.2,1,Yes,No,Deep Fill,Low,,,Wetland habitat upstream and downstream. Beaver in culvert at time of survey.  Beaver exclusion cage on inlet. Small debris jam at outlet. Fish presence confirmed just downstream of culvert. ,,,,2023-09-29T15:51:16Z,MateoW,15600301
,2023-09-29T00:00:00Z,,15600302,MW,10,400866,5982476,Smith Creek,Lily Lake Road,,MOTI Local,Closed Bottom Structure,Oval Culvert,4,30,No,,No,No,,0.8,0,0,No,2,6.1,2,No,No,Deep Fill,High,,,"Fish presence confirmed in past upstream and downstream. Wide stream channel, dewatered at time of survey. Small pool near outlet, no flowing water  ",,,,2023-09-29T16:09:38Z,MateoW,15600302
,2023-09-30T00:00:00Z,,5400003,AI,10,377178,5993874,Perry Creek,Stella Road,,MOTI,Closed Bottom Structure,Round Culvert,0.6,23,No,,No,No,,4,0.3,0,No,1,1,2,No,No,Deep Fill,Low,,, Small drainage. Dry with primarily vegetated channel indicating does not flow much of the year. Culvert rusting at inlet. ,,,,2023-09-30T10:53:44Z,newgraph_airvine,5400003
,2023-09-30T00:00:00Z,,24727338,AI,10,385711,5995594,Ormand Creek,Stella Road,,MOTI,Closed Bottom Structure,Oval Culvert,4.5,32,No,,No,Yes,100,1,0,1.3,No,0,6,0,Yes,No,Deep Fill,High,,,100% backwatered at time of assessment. Beaver dams downstream backwatering the crossing. Pipe and road prism in great shape. Fully passable for all species and life stages at the time of assessment. Some small amount of embeddedment but only for a small piece of the pipe diameter. Known Chinook system with significant restoration works upstream.       ,,,,2023-09-30T11:25:13Z,newgraph_airvine,24727338
,2023-09-30T00:00:00Z,,5400201,AI,10,388367,5996767,Scotch Creek,Gala Lake Road,,MOTI,Closed Bottom Structure,Round Culvert,1.2,11,Yes,0.5,Yes,Yes,80,1.5,0,0.05,No,0.25,1.7,3,No,No,Deep Fill,Medium,,,Good flow. Abundant gravel downstream and upstream. Pipes are both fully embedded with partial backwatering. Chinook point on the stream immediately adjacent to the site. Upstream left bank riparian has been cleared for what appears to be a parking space. ,,,,2023-09-30T11:54:44Z,newgraph_airvine,5400201
,2023-09-30T00:00:00Z,,5400202,AI,10,388944,5997002,Tributary to Fraser Lake,Gala Bay Road ,,MOTI Local,Closed Bottom Structure,Round Culvert,1,13,No,,No,No,,1,0.8,0.6,No,4.5,1.7,2,No,No,Deep Fill,High,,,"Very nice stream with good flow and abundant gravels upstream and downstream. Landowner indicated sockeye spotted along shoreline years ago. Massive outlet drop. Deserves habitat confirmation, and consideration for replacement if no natural barriers upstream. There is a PSCIS assessed site (assessment_id = 7622) upstream that is a barrier.         ",,,,2023-09-30T12:12:56Z,newgraph_airvine,5400202
,2023-09-30T00:00:00Z,,5400203,AI,10,388270,5996949,Scotch Creek,Stella Road,,MOTI,Closed Bottom Structure,Round Culvert,1.1,25,No,,No,No,,5,1.4,0.2,No,4.5,2.6,2,No,No,Deep Fill,High,,,"Very nice little stream with excellent flow for this time of year on a dry year. Crossing downstream on gala Bay Road was fully embedded and passible at the time of the assessment. There is a historic chinook observation within this stream. This could be valuable Chinook rearing habitat and connectivity within the system should be restored, should no natural barriers be observed on a habitat confirmation assessment.           ",,,,2023-09-30T12:47:26Z,newgraph_airvine,5400203
,2023-09-30T00:00:00Z,,15600277,AI,10,398933,5996365,Tributary to Nechako River ,Dog Creek Road,,MOTI,Closed Bottom Structure,Round Culvert,0.95,11.5,No,,No,No,,1.5,0.4,1,No,3,2.7,3,Yes,Yes,Deep Fill,High,,,Very nice stream with excellent flow for this time of year on a dry year. Fish observed upstream. Very large deep outlet pool with extensive erosion under cutting the main pipe and 0.6 m overflow. Connected to the Nechako River with observed Chinook points downstream adjacent to the confluence.  Highly degraded site upstream that would be a good candidate for restoration.      ,,,,2023-09-30T13:43:26Z,newgraph_airvine,15600277
,2023-09-30T00:00:00Z,,15604478,AI,10,397160,5996558,Tributary to Nechako River,Sutherland FSR,1.1,West Fraser Mills Ltd.,Closed Bottom Structure,Round Culvert,1.45,16,No,,No,No,,0.5,0,0.2,Yes,2,2.5,0.5,No,No,Deep Fill,Medium,,,"Extreme negative impacts due to cattle, particularly upstream of the FSR. Extensive trampling of the channel and banks, along with heavy grazing and removal of riparian. Dry at the time of assessment besides a small wallowing hole upstream of the inlet. Riparian exclusion fencing is required along with repairing vegetation, restoration irrigation, and monitoring. This is a fish bearing stream with high habitat values less than 2 km down the stream.",,,,2023-09-30T14:17:41Z,newgraph_airvine,15604478
,2023-09-30T00:00:00Z,,15604870,AI,10,396140,5997722,Tributary to Nechako River ,Williams FSR,,West Fraser Mills Ltd.,Open Bottom Structure,Bridge,13,5,No,,No,No,,,,,No,,,,No,No,,,,,"Bridge with sign from Fraser lake sawmills. Extensive cattle trampling underneath the bridge, but some decent amount of water at this location.",,,,2023-09-30T14:46:03Z,newgraph_airvine,15604870
,2023-09-30T00:00:00Z,,15604704,AI,10,395496,6003141,Tatsutnai Creek,Barlow FSR,,Canfor R11286,Open Bottom Structure,Bridge,20,5,No,,No,No,,,,,No,,,,No,No,,,,,Bridge. Good flow,,,,2023-09-30T15:02:17Z,newgraph_airvine,15604704
,2023-09-30T00:00:00Z,,15600624,MW,10,438428,5982155,Neuro Creek,Ens Rd,,Vanderhoof,Closed Bottom Structure,Round Culvert,0.9,18,No,,No,No,,2.2,0,0,No,2.5,0.9,1,No,No,Deep Fill,Low,,,Dewatered stream. Very small and hard to find channel. Overgrown and little stream substrate present. Upstream fenced off on private land.,,,,2023-09-30T09:24:18Z,MateoW,15600624
,2023-09-30T00:00:00Z,,15600626,MW,10,438529,5982155,Tributary to Neuco Creek,Ens Rd,,Vanderhoof,Closed Bottom Structure,Round Culvert,1.5,20,No,,No,No,,2,0.6,0,No,1,1.6,0.5,No,No,Deep Fill,Low,,,"Dewatered stream. Upstream is in fenced off private land, no clear channel visible. More obvious channel downstream of crossing. Moderate outlet drop with big dry area that looks like it would be an outlet pool when the stream is flowing.",,,,2023-09-30T09:45:55Z,MateoW,15600626
,2023-09-30T00:00:00Z,,15600076,MW,10,449834,5977830,Tributary to Hulatt Creek,Highway 16,,MOTI,Closed Bottom Structure,Round Culvert,1.8,48,No,,No,No,,5,0,0,No,1,1.2,1,No,No,Deep Fill,Low,,,"Two pipes, they are closer together at outlet compared to inlet so they must be bent in middle. Dewatered stream. Fenced off private land downstream. Little riparian and evidence of cattle trampling. Upstream is in better shape, small channel visible. ",,,,2023-09-30T10:17:48Z,MateoW,15600076
,2023-09-30T00:00:00Z,,15600629,MW,10,451599,5975913,Hulatt Creek,Highway 16,,MOTI,Closed Bottom Structure,Round Culvert,1.5,90,No,,No,No,,8,0,0,No,3,3.3,2,No,No,Deep Fill,Low,,,Dewatered stream. Fenced off private field upstream. Wide open grassy floodplain with little riparian and no channel visible. Downstream has wide area at outlet where pool used to be. Signs of stream channel to right of outlet. Evidence of livestock trampling and/or big game near outlet. ,,,,2023-09-30T11:06:49Z,MateoW,15600629
,2023-09-30T00:00:00Z,,15600057,MW,10,464822,5971609,Tributary to Cluculz Lake,Highway 16,,MOTI,Closed Bottom Structure,Round Culvert,2.4,66,No,,No,No,,5,0,0,No,1,2.6,0,No,No,Deep Fill,Medium,,,"Culvert runs under active highway construction site. Inlet could not be accessed. Looks like they are excavating near inlet. Possible bridge construction? Stream is mostly dewatered but there is some stagnant water in culvert. Baffles in pipe. Habitat downstream looks good, with abundant woody debris and healthy riparian. ",,,,2023-09-30T11:33:26Z,MateoW,15600057
,2023-09-30T00:00:00Z,,15603872,MW,10,462928,5969213,Norman Creek,Lloyd Dr,,MOTI Local,Closed Bottom Structure,Round Culvert,2.5,78,No,,No,No,,5,0,0.3,No,0,3.1,3,No,No,Deep Fill,Medium,,,"Numerous baffles in pipe. Smaller secondary culvert next to main pipe but installed higher up so likely doesn't get much water. Little amount of flow in pipe but stops just short of outlet, most likely due to small split in pipe. Wide shallow outlet pool but no drop. Abundant algae on stream substrate upstream. RB and WSU confirmed up and downstream. ",,,,2023-09-30T12:18:02Z,MateoW,15603872
,2023-09-30T00:00:00Z,,9902601,MW,10,474705,5969325,Tributary to Bednesti Lake,Highway 16,,MOTI,Closed Bottom Structure,Round Culvert,2,60,No,,No,No,,8,0,0,No,3.5,1.7,6,No,No,Deep Fill,Low,,,Dewatered upstream and downstream. Small steps in culvert containing pools with water but no flow. Efforts being made upstream to restore riparian vegetation with fencing and saplings present. No clear channel downstream. Fish confirmed upstream in 2020.  ,,,,2023-09-30T13:34:52Z,MateoW,9902601
,2023-09-30T00:00:00Z,,9903105,MW,10,482695,5969819,Zelkwas Creek,Isle Pierre Rd,,MOTI Local,Closed Bottom Structure,Round Culvert,2.2,16,No,,No,No,,0.7,0.1,0.3,No,1,2.2,2,No,No,Deep Fill,Low,,,"2 pipes. Wetland area upstream, beaver grate on inlet. Signs of beaver activity, dam near outlet. Hard to determine stream channel width so used combined culvert diameter. Little trickle flowing through one pipe but other one is dewatered. ",,,,2023-09-30T14:05:44Z,MateoW,9903105
,2023-09-30T00:00:00Z,,9900404,MW,10,494827,5963256,Sweden Creek,Highway 16,,MOTI,Closed Bottom Structure,Round Culvert,1.7,56,No,,No,No,,6,0.4,0,No,2,2.2,1,No,No,Deep Fill,Medium,,,"Outlet drop but no pool. Small amount of flow in pipe. Holes in bottom of pipe near outlet where water is flowing through and under. Very murky, turbid water upstream with no flow. Abundant boulders around outlet. ",,,,2023-09-30T14:57:37Z,MateoW,9900404
,2023-09-30T00:00:00Z,,9900446,MW,10,488990,5965724,Kellogg Creek,Highway 16,,MOTI,Closed Bottom Structure,Round Culvert,2.8,45,No,,No,No,,5,0.4,2,No,2,4.1,1.5,Yes,Yes,Deep Fill,Medium,,,"4 pipes seen at outlet but only 2 bigger ones visible on inlet side. Only one big pipe has flowing water, has beaver grate on inlet. Small debris jam in front of inlet, likely from beaver. Upstream is grassy with little riparian on banks near crossing. Downstream is different, good habitat and wide channel. Very deep, wide outlet pool. Small fish seen in pool.  ",,,,2023-09-30T15:48:26Z,MateoW,9900446
,2023-09-30T00:00:00Z,,9902577,MW,10,502368,5962510,Beaverley Creek,Highway 16,,MOTI,Closed Bottom Structure,Oval Culvert,6.5,26,No,,No,No,,0.9,0.6,0.6,No,3.5,7.6,2.5,No,No,Deep Fill,High,,,"Chinook confirmed in past upstream. Major trib of Chelako River. Appears to be passable but should be replaced with bridge. Two pipes, only one had water flowing through at time of survey. Small outlet drop. Abundant boulders present downstream. High value habitat upstream with wide channel and gravels present. ",,,,2023-09-30T16:33:33Z,MateoW,9902577
,2023-09-30T00:00:00Z,,9900262,MW,10,502603,5962435,Little Beaverley Creek,Highway 16,,MOTI,Closed Bottom Structure,Round Culvert,0.9,32,No,,No,No,,2.5,0,0,No,2,0.8,2,No,No,Deep Fill,Low,,,"Two pipes but only one is functioning and has small amount of flow through it. Very small channel. Flows into Beaverley Creek which has known salmonids. This trib has low value habitat, likely not used by spawners. ",,,,2023-09-30T16:46:37Z,MateoW,9900262
,2023-10-01T00:00:00Z,,9903437,AI,10,500733,5959822,Aird Creek,Upper Mud River Road,,MOTI,Closed Bottom Structure,Round Culvert,1.2,29,No,,No,No,,2,1.5,0,No,5,1.2,3,No,No,Deep Fill,Low,,,Two pipes at 0.6 m each. Agricultural field downstream. Appears that the stream has been modified to put the stream in the ditch of the agricultural field. Aird lake upstream with rainbow trout presence. Dry channel. Very small stream. Massive outlet drops. May have historically provided some rearing refuge for wetted periods of the year.           ,,,,2023-10-01T09:41:29Z,newgraph_airvine,9903437
,2023-10-01T00:00:00Z,,9901826,AI,10,498057,5955884,Chilako Creek,Upper Mud River Road ,,MOTI,Closed Bottom Structure,Round Culvert,0.9,10,No,,No,No,,0.8,0.25,0.2,No,3,1.7,1,No,No,Deep Fill,Low,,,"Dry at tme of assessment. On assessed crossing on private driveway located downstream. Stream is completely trampled and barely recognizable upstream due to cattle trampling and riparian removal. Downstream is ditch like with just grass and shrub riparian before mix forest begins proximately 40 m downstream of the road. Agricultural field on right back downstream. Some scouring of the channel downstream, but primarily choked with grasses indicating stream does not flow for much of the year lately.  ",,,,2023-10-01T10:20:58Z,newgraph_airvine,9901826
,2023-10-01T00:00:00Z,,9903963,AI,10,491332,5956490,Tributary to Chelako River,McBride Timber Road ,,MOTI,Closed Bottom Structure,Round Culvert,1.5,16,No,,No,No,,1.5,0.75,0.5,No,3,1.7,1,Yes,No,Deep Fill,Low,,,Dry at time of assessment. Two other crossings located upstream on non-active forestry roads. Extensive beaver activity upstream with water above both upstream crossings. Could consider opportunity for upgrading this crossing and removing the upper two. ,,,,2023-10-01T12:17:51Z,newgraph_airvine,9903963
,2023-10-01T00:00:00Z,,9900367,AI,10,509128,5959562,Beaverley Creek,Blackwater Road ,,MOTI,Closed Bottom Structure,Round Culvert,4.5,33,No,,No,No,,2,0,1,No,0,5,0,Yes,No,Deep Fill,High,,,Moti major structure. Beaver dam located approximately 30 m downstream has backwatered the entire structure.  ,,,,2023-10-01T13:13:41Z,newgraph_airvine,9900367
,2023-10-01T00:00:00Z,,9904385,AI MW,10,485546,5954833,Dahl Creek,Gregg Creek FSR,,MOF 5416,Other,Ford,12,4,No,,No,No,,,,,No,,,,No,No,,,,,Deactivated road. Ford passable by 4x4 vehicles,,,,2023-10-01T11:50:24Z,newgraph_airvine,9904385
,2023-10-01T00:00:00Z,,9900380,MW,10,500461,5958635,Tributary to Chelako River,Upper Mud River Rd,,MOTI Local,Closed Bottom Structure,Round Culvert,0.6,22,No,,No,No,,1,1.5,0.1,No,4,1.6,6,No,No,Deep Fill,Medium,,,"Small stream, very close to Chelako confluence. Very big outlet drop but no deep outlet pool. Abundant gravels upstream, ok habitat. Definite barrier to fish.  ",,,,2023-10-01T09:45:56Z,MateoW,9900380
,2023-10-01T00:00:00Z,,9900385,MW,10,496344,5954586,Tributary to Chelako River ,Upper Mud River Rd,,MOTI Local,Closed Bottom Structure,Round Culvert,0.6,15,No,,No,No,,1.2,0,0,No,3,1.4,4.5,No,No,Deep Fill,Low,,,"Dewatered stream, small channel with little to no gravels or cobbles. Low value habitat. Two pipes but only one is functioning. The other pipe is not visible at outlet. ",,,,2023-10-01T10:26:08Z,MateoW,9900385
,2023-10-01T00:00:00Z,,9905144,MW,10,492375,5956652,Tributary to Chilako River ,Gregg FSR,,MOTI Local,Closed Bottom Structure,Round Culvert,0.9,16,No,,No,Yes,100,1.6,0,0.5,No,1.5,1,1,Yes,No,Deep Fill,Low,,,"Obvious signs of beaver activity. Big dam near inlet and small dam just downstream of outlet as well. Small channel downstream with no water, no obvious channel upstream due to wetland habitat.  ",,,,2023-10-01T12:19:45Z,MW,9905144
,2023-10-01T00:00:00Z,,9900277,MW,10,508131,5960681,Tributary to Beaverley Creek,East Beaverley Rd,,MOTI Local,Closed Bottom Structure,Round Culvert,2.5,20,No,,No,No,,2,0,0,No,1,2.3,2,Yes,No,Deep Fill,Medium,,,Two pipes and one overflow pipe. Small amount of flowing water through one pipe. Wetland type habitat downstream with beaver dam near outlet. Medium sized channel downstream with medium value habitat with functional woody debris and some gravels. ,,,,2023-10-01T13:17:26Z,MW,9900277
,,,,,,,,,,,,,,,,,,,,,,,,,,,,,,,,,,,,,,,,
,,,,,,,,,,,,,,,,,,,,,,,,,,,,,,,,,,,,,,,,
,,,,,,,,,,,,,,,,,,,,,,,,,,,,,,,,,,,,,,,,
