folder,value,photo_name,photo_name_length
13900100,/Users/lucyschick/Projects/gis/sern_simpcw_2023/ignore_mobile/photos/13900100/20230912_111822_road.JPG,20230912_111822_road.JPG,24
13900100,/Users/lucyschick/Projects/gis/sern_simpcw_2023/ignore_mobile/photos/13900100/20230912_111825_barrel.JPG,20230912_111825_barrel.JPG,26
13900100,/Users/lucyschick/Projects/gis/sern_simpcw_2023/ignore_mobile/photos/13900100/20230912_111831_upstream.JPG,20230912_111831_upstream.JPG,28
13900100,/Users/lucyschick/Projects/gis/sern_simpcw_2023/ignore_mobile/photos/13900100/20230912_111840_inlet.JPG,20230912_111840_inlet.JPG,25
13900100,/Users/lucyschick/Projects/gis/sern_simpcw_2023/ignore_mobile/photos/13900100/20230912_111846_outlet.JPG,20230912_111846_outlet.JPG,26
13900100,/Users/lucyschick/Projects/gis/sern_simpcw_2023/ignore_mobile/photos/13900100/20230912_111855_downstream.JPG,20230912_111855_downstream.JPG,30
13900100,/Users/lucyschick/Projects/gis/sern_simpcw_2023/ignore_mobile/photos/13900100/20230912_111900_condition.JPG,20230912_111900_condition.JPG,29
13900100,/Users/lucyschick/Projects/gis/sern_simpcw_2023/ignore_mobile/photos/13900100/20230912_111912_erosion.JPG,20230912_111912_erosion.JPG,27
13900100,/Users/lucyschick/Projects/gis/sern_simpcw_2023/ignore_mobile/photos/13900100/20230912_111930_upstreamgravel.JPG,20230912_111930_upstreamgravel.JPG,34
24715750,/Users/lucyschick/Projects/gis/sern_simpcw_2023/ignore_mobile/photos/24715750/TimePhoto_20231003_110932_road.JPG,TimePhoto_20231003_110932_road.JPG,34
24715750,/Users/lucyschick/Projects/gis/sern_simpcw_2023/ignore_mobile/photos/24715750/TimePhoto_20231003_110951_inlet.JPG,TimePhoto_20231003_110951_inlet.JPG,35
24715750,/Users/lucyschick/Projects/gis/sern_simpcw_2023/ignore_mobile/photos/24715750/TimePhoto_20231003_110955_upstream.JPG,TimePhoto_20231003_110955_upstream.JPG,38
24715750,/Users/lucyschick/Projects/gis/sern_simpcw_2023/ignore_mobile/photos/24715750/TimePhoto_20231003_111005_outlet.JPG,TimePhoto_20231003_111005_outlet.JPG,36
24715750,/Users/lucyschick/Projects/gis/sern_simpcw_2023/ignore_mobile/photos/24715750/TimePhoto_20231003_111011_downstream.JPG,TimePhoto_20231003_111011_downstream.JPG,40
24715750,/Users/lucyschick/Projects/gis/sern_simpcw_2023/ignore_mobile/photos/24715750/TimePhoto_20231003_111031_barrel.JPG,TimePhoto_20231003_111031_barrel.JPG,36
24715750,/Users/lucyschick/Projects/gis/sern_simpcw_2023/ignore_mobile/photos/24715750/TimePhoto_20231003_111211_rail.JPG,TimePhoto_20231003_111211_rail.JPG,34
13900028,/Users/lucyschick/Projects/gis/sern_simpcw_2023/ignore_mobile/photos/13900028/20231003_112515_road.JPG,20231003_112515_road.JPG,24
13900028,/Users/lucyschick/Projects/gis/sern_simpcw_2023/ignore_mobile/photos/13900028/20231003_112517_barrel.JPG,20231003_112517_barrel.JPG,26
13900028,/Users/lucyschick/Projects/gis/sern_simpcw_2023/ignore_mobile/photos/13900028/20231003_112522_upstream.JPG,20231003_112522_upstream.JPG,28
13900028,/Users/lucyschick/Projects/gis/sern_simpcw_2023/ignore_mobile/photos/13900028/20231003_112531_inlet.JPG,20231003_112531_inlet.JPG,25
13900028,/Users/lucyschick/Projects/gis/sern_simpcw_2023/ignore_mobile/photos/13900028/20231003_112533_outlet.JPG,20231003_112533_outlet.JPG,26
13900028,/Users/lucyschick/Projects/gis/sern_simpcw_2023/ignore_mobile/photos/13900028/20231003_112539_downstream.JPG,20231003_112539_downstream.JPG,30
13900028,/Users/lucyschick/Projects/gis/sern_simpcw_2023/ignore_mobile/photos/13900028/20231003_112546_card.JPG,20231003_112546_card.JPG,24
13900026,/Users/lucyschick/Projects/gis/sern_simpcw_2023/ignore_mobile/photos/13900026/TimePhoto_20231003_113014_road.JPG,TimePhoto_20231003_113014_road.JPG,34
13900026,/Users/lucyschick/Projects/gis/sern_simpcw_2023/ignore_mobile/photos/13900026/TimePhoto_20231003_113154_inlet.JPG,TimePhoto_20231003_113154_inlet.JPG,35
13900026,/Users/lucyschick/Projects/gis/sern_simpcw_2023/ignore_mobile/photos/13900026/TimePhoto_20231003_113230_barrel.JPG,TimePhoto_20231003_113230_barrel.JPG,36
13900026,/Users/lucyschick/Projects/gis/sern_simpcw_2023/ignore_mobile/photos/13900026/TimePhoto_20231003_113423_railcrossing.JPG,TimePhoto_20231003_113423_railcrossing.JPG,42
13900026,/Users/lucyschick/Projects/gis/sern_simpcw_2023/ignore_mobile/photos/13900026/TimePhoto_20231003_113631_upstream.JPG,TimePhoto_20231003_113631_upstream.JPG,38
13900026,/Users/lucyschick/Projects/gis/sern_simpcw_2023/ignore_mobile/photos/13900026/TimePhoto_20231003_113706_outlet.JPG,TimePhoto_20231003_113706_outlet.JPG,36
13900026,/Users/lucyschick/Projects/gis/sern_simpcw_2023/ignore_mobile/photos/13900026/TimePhoto_20231003_113805_downstream.JPG,TimePhoto_20231003_113805_downstream.JPG,40
13905537,/Users/lucyschick/Projects/gis/sern_simpcw_2023/ignore_mobile/photos/13905537/20231003_114044_road.JPG,20231003_114044_road.JPG,24
13905537,/Users/lucyschick/Projects/gis/sern_simpcw_2023/ignore_mobile/photos/13905537/20231003_114058_barrel.JPG,20231003_114058_barrel.JPG,26
13905537,/Users/lucyschick/Projects/gis/sern_simpcw_2023/ignore_mobile/photos/13905537/20231003_114104_upstream.JPG,20231003_114104_upstream.JPG,28
13905537,/Users/lucyschick/Projects/gis/sern_simpcw_2023/ignore_mobile/photos/13905537/20231003_114110_inlet.JPG,20231003_114110_inlet.JPG,25
13905537,/Users/lucyschick/Projects/gis/sern_simpcw_2023/ignore_mobile/photos/13905537/20231003_114115_outlet.JPG,20231003_114115_outlet.JPG,26
13905537,/Users/lucyschick/Projects/gis/sern_simpcw_2023/ignore_mobile/photos/13905537/20231003_114151_downstream.JPG,20231003_114151_downstream.JPG,30
13905537,/Users/lucyschick/Projects/gis/sern_simpcw_2023/ignore_mobile/photos/13905537/20231003_114220_blockage.JPG,20231003_114220_blockage.JPG,28
13905537,/Users/lucyschick/Projects/gis/sern_simpcw_2023/ignore_mobile/photos/13905537/20231003_114225_age.JPG,20231003_114225_age.JPG,23
13905537,/Users/lucyschick/Projects/gis/sern_simpcw_2023/ignore_mobile/photos/13905537/20231003_114231_card.JPG,20231003_114231_card.JPG,24
13900027,/Users/lucyschick/Projects/gis/sern_simpcw_2023/ignore_mobile/photos/13900027/20231003_124731_road.JPG,20231003_124731_road.JPG,24
13900027,/Users/lucyschick/Projects/gis/sern_simpcw_2023/ignore_mobile/photos/13900027/20231003_124756_upstream.JPG,20231003_124756_upstream.JPG,28
13900027,/Users/lucyschick/Projects/gis/sern_simpcw_2023/ignore_mobile/photos/13900027/20231003_124816_inlet.JPG,20231003_124816_inlet.JPG,25
13900027,/Users/lucyschick/Projects/gis/sern_simpcw_2023/ignore_mobile/photos/13900027/20231003_124820_outlet.JPG,20231003_124820_outlet.JPG,26
13900027,/Users/lucyschick/Projects/gis/sern_simpcw_2023/ignore_mobile/photos/13900027/20231003_124827_downstream.JPG,20231003_124827_downstream.JPG,30
13900027,/Users/lucyschick/Projects/gis/sern_simpcw_2023/ignore_mobile/photos/13900027/no_photo_barrel.JPG,no_photo_barrel.JPG,19
13905538,/Users/lucyschick/Projects/gis/sern_simpcw_2023/ignore_mobile/photos/13905538/20231003_123941_barrel.JPG,20231003_123941_barrel.JPG,26
13905538,/Users/lucyschick/Projects/gis/sern_simpcw_2023/ignore_mobile/photos/13905538/20231003_123957_upstream.JPG,20231003_123957_upstream.JPG,28
13905538,/Users/lucyschick/Projects/gis/sern_simpcw_2023/ignore_mobile/photos/13905538/20231003_124006_inlet.JPG,20231003_124006_inlet.JPG,25
13905538,/Users/lucyschick/Projects/gis/sern_simpcw_2023/ignore_mobile/photos/13905538/20231003_124021_outlet.JPG,20231003_124021_outlet.JPG,26
13905538,/Users/lucyschick/Projects/gis/sern_simpcw_2023/ignore_mobile/photos/13905538/20231003_124136_downstream.JPG,20231003_124136_downstream.JPG,30
13905538,/Users/lucyschick/Projects/gis/sern_simpcw_2023/ignore_mobile/photos/13905538/20231003_124217_road.JPG,20231003_124217_road.JPG,24
13905538,/Users/lucyschick/Projects/gis/sern_simpcw_2023/ignore_mobile/photos/13905538/20231003_124226_wirecage.JPG,20231003_124226_wirecage.JPG,28
13900309,/Users/lucyschick/Projects/gis/sern_simpcw_2023/ignore_mobile/photos/13900309/TimePhoto_20231003_120850_road.JPG,TimePhoto_20231003_120850_road.JPG,34
13900309,/Users/lucyschick/Projects/gis/sern_simpcw_2023/ignore_mobile/photos/13900309/TimePhoto_20231003_121000_barrel.JPG,TimePhoto_20231003_121000_barrel.JPG,36
13900309,/Users/lucyschick/Projects/gis/sern_simpcw_2023/ignore_mobile/photos/13900309/TimePhoto_20231003_121228_upstream.JPG,TimePhoto_20231003_121228_upstream.JPG,38
13900309,/Users/lucyschick/Projects/gis/sern_simpcw_2023/ignore_mobile/photos/13900309/TimePhoto_20231003_121923_outlet.JPG,TimePhoto_20231003_121923_outlet.JPG,36
13900309,/Users/lucyschick/Projects/gis/sern_simpcw_2023/ignore_mobile/photos/13900309/TimePhoto_20231003_121954_downstream.JPG,TimePhoto_20231003_121954_downstream.JPG,40
13900309,/Users/lucyschick/Projects/gis/sern_simpcw_2023/ignore_mobile/photos/13900309/TimePhoto_20231003_122125_confluence.JPG,TimePhoto_20231003_122125_confluence.JPG,40
13900309,/Users/lucyschick/Projects/gis/sern_simpcw_2023/ignore_mobile/photos/13900309/TimePhoto_20231003_122554_debris.JPG,TimePhoto_20231003_122554_debris.JPG,36
13900309,/Users/lucyschick/Projects/gis/sern_simpcw_2023/ignore_mobile/photos/13900309/TimePhoto_20231003_122656_inlet.JPG,TimePhoto_20231003_122656_inlet.JPG,35
13900308,/Users/lucyschick/Projects/gis/sern_simpcw_2023/ignore_mobile/photos/13900308/TimePhoto_20231003_124309_road.JPG,TimePhoto_20231003_124309_road.JPG,34
13900308,/Users/lucyschick/Projects/gis/sern_simpcw_2023/ignore_mobile/photos/13900308/TimePhoto_20231003_124424_outlet.JPG,TimePhoto_20231003_124424_outlet.JPG,36
13900308,/Users/lucyschick/Projects/gis/sern_simpcw_2023/ignore_mobile/photos/13900308/TimePhoto_20231003_124706_downstream.JPG,TimePhoto_20231003_124706_downstream.JPG,40
13900308,/Users/lucyschick/Projects/gis/sern_simpcw_2023/ignore_mobile/photos/13900308/TimePhoto_20231003_125007_inlet.JPG,TimePhoto_20231003_125007_inlet.JPG,35
13900308,/Users/lucyschick/Projects/gis/sern_simpcw_2023/ignore_mobile/photos/13900308/TimePhoto_20231003_125528_upstream.JPG,TimePhoto_20231003_125528_upstream.JPG,38
13900308,/Users/lucyschick/Projects/gis/sern_simpcw_2023/ignore_mobile/photos/13900308/TimePhoto_20231003_130626_barrel.JPG,TimePhoto_20231003_130626_barrel.JPG,36
13900306,/Users/lucyschick/Projects/gis/sern_simpcw_2023/ignore_mobile/photos/13900306/20231003_125949_outlet.JPG,20231003_125949_outlet.JPG,26
13900306,/Users/lucyschick/Projects/gis/sern_simpcw_2023/ignore_mobile/photos/13900306/20231003_125951_downstream.JPG,20231003_125951_downstream.JPG,30
13900306,/Users/lucyschick/Projects/gis/sern_simpcw_2023/ignore_mobile/photos/13900306/20231003_125958_upstream.JPG,20231003_125958_upstream.JPG,28
13900306,/Users/lucyschick/Projects/gis/sern_simpcw_2023/ignore_mobile/photos/13900306/20231003_130003_barrel.JPG,20231003_130003_barrel.JPG,26
13900306,/Users/lucyschick/Projects/gis/sern_simpcw_2023/ignore_mobile/photos/13900306/20231003_130007_road.JPG,20231003_130007_road.JPG,24
13900306,/Users/lucyschick/Projects/gis/sern_simpcw_2023/ignore_mobile/photos/13900306/20231003_130017_embankment_fill.JPG,20231003_130017_embankment_fill.JPG,35
13900306,/Users/lucyschick/Projects/gis/sern_simpcw_2023/ignore_mobile/photos/13900306/20231003_130049_inlet.JPG,20231003_130049_inlet.JPG,25
13900306,/Users/lucyschick/Projects/gis/sern_simpcw_2023/ignore_mobile/photos/13900306/20231003_130109_card.JPG,20231003_130109_card.JPG,24
13900305,/Users/lucyschick/Projects/gis/sern_simpcw_2023/ignore_mobile/photos/13900305/20231003_132334_road.JPG,20231003_132334_road.JPG,24
13900305,/Users/lucyschick/Projects/gis/sern_simpcw_2023/ignore_mobile/photos/13900305/20231003_132436_barrel.JPG,20231003_132436_barrel.JPG,26
13900305,/Users/lucyschick/Projects/gis/sern_simpcw_2023/ignore_mobile/photos/13900305/20231003_132439_upstream.JPG,20231003_132439_upstream.JPG,28
13900305,/Users/lucyschick/Projects/gis/sern_simpcw_2023/ignore_mobile/photos/13900305/20231003_132443_inlet.JPG,20231003_132443_inlet.JPG,25
13900305,/Users/lucyschick/Projects/gis/sern_simpcw_2023/ignore_mobile/photos/13900305/20231003_132452_outlet.JPG,20231003_132452_outlet.JPG,26
13900305,/Users/lucyschick/Projects/gis/sern_simpcw_2023/ignore_mobile/photos/13900305/20231003_132455_downstream.JPG,20231003_132455_downstream.JPG,30
13900305,/Users/lucyschick/Projects/gis/sern_simpcw_2023/ignore_mobile/photos/13900305/20231003_132543_embankment_fill.JPG,20231003_132543_embankment_fill.JPG,35
13900305,/Users/lucyschick/Projects/gis/sern_simpcw_2023/ignore_mobile/photos/13900305/20231003_132559_blockage.JPG,20231003_132559_blockage.JPG,28
13900305,/Users/lucyschick/Projects/gis/sern_simpcw_2023/ignore_mobile/photos/13900305/20231003_132604_downstreamfield.JPG,20231003_132604_downstreamfield.JPG,35
13900305,/Users/lucyschick/Projects/gis/sern_simpcw_2023/ignore_mobile/photos/13900305/20231003_132628_card.JPG,20231003_132628_card.JPG,24
13903451,/Users/lucyschick/Projects/gis/sern_simpcw_2023/ignore_mobile/photos/13903451/TimePhoto_20231003_132152_road.JPG,TimePhoto_20231003_132152_road.JPG,34
13903451,/Users/lucyschick/Projects/gis/sern_simpcw_2023/ignore_mobile/photos/13903451/TimePhoto_20231003_132258_inlet.JPG,TimePhoto_20231003_132258_inlet.JPG,35
13903451,/Users/lucyschick/Projects/gis/sern_simpcw_2023/ignore_mobile/photos/13903451/TimePhoto_20231003_132353_upstream.JPG,TimePhoto_20231003_132353_upstream.JPG,38
13903451,/Users/lucyschick/Projects/gis/sern_simpcw_2023/ignore_mobile/photos/13903451/TimePhoto_20231003_132642_outlet.JPG,TimePhoto_20231003_132642_outlet.JPG,36
13903451,/Users/lucyschick/Projects/gis/sern_simpcw_2023/ignore_mobile/photos/13903451/TimePhoto_20231003_132650_downstream.JPG,TimePhoto_20231003_132650_downstream.JPG,40
13903451,/Users/lucyschick/Projects/gis/sern_simpcw_2023/ignore_mobile/photos/13903451/TimePhoto_20231003_132949_barrel.JPG,TimePhoto_20231003_132949_barrel.JPG,36
13903452,/Users/lucyschick/Projects/gis/sern_simpcw_2023/ignore_mobile/photos/13903452/20231003_134857_road.JPG,20231003_134857_road.JPG,24
13903452,/Users/lucyschick/Projects/gis/sern_simpcw_2023/ignore_mobile/photos/13903452/20231003_134900_barrel.JPG,20231003_134900_barrel.JPG,26
13903452,/Users/lucyschick/Projects/gis/sern_simpcw_2023/ignore_mobile/photos/13903452/20231003_134903_upstream.JPG,20231003_134903_upstream.JPG,28
13903452,/Users/lucyschick/Projects/gis/sern_simpcw_2023/ignore_mobile/photos/13903452/20231003_134958_inlet.JPG,20231003_134958_inlet.JPG,25
13903452,/Users/lucyschick/Projects/gis/sern_simpcw_2023/ignore_mobile/photos/13903452/20231003_135004_outlet.JPG,20231003_135004_outlet.JPG,26
13903452,/Users/lucyschick/Projects/gis/sern_simpcw_2023/ignore_mobile/photos/13903452/20231003_135008_downstream.JPG,20231003_135008_downstream.JPG,30
13903452,/Users/lucyschick/Projects/gis/sern_simpcw_2023/ignore_mobile/photos/13903452/20231003_135016_barrelfromdownstream.JPG,20231003_135016_barrelfromdownstream.JPG,40
13903452,/Users/lucyschick/Projects/gis/sern_simpcw_2023/ignore_mobile/photos/13903452/20231003_135040_card.JPG,20231003_135040_card.JPG,24
13903450,/Users/lucyschick/Projects/gis/sern_simpcw_2023/ignore_mobile/photos/13903450/TimePhoto_20231003_134731_road.JPG,TimePhoto_20231003_134731_road.JPG,34
13903450,/Users/lucyschick/Projects/gis/sern_simpcw_2023/ignore_mobile/photos/13903450/TimePhoto_20231003_134851_inlet.JPG,TimePhoto_20231003_134851_inlet.JPG,35
13903450,/Users/lucyschick/Projects/gis/sern_simpcw_2023/ignore_mobile/photos/13903450/TimePhoto_20231003_134907_barrel.JPG,TimePhoto_20231003_134907_barrel.JPG,36
13903450,/Users/lucyschick/Projects/gis/sern_simpcw_2023/ignore_mobile/photos/13903450/TimePhoto_20231003_135306_upstream.JPG,TimePhoto_20231003_135306_upstream.JPG,38
13903450,/Users/lucyschick/Projects/gis/sern_simpcw_2023/ignore_mobile/photos/13903450/TimePhoto_20231003_135805_downstream.JPG,TimePhoto_20231003_135805_downstream.JPG,40
13903450,/Users/lucyschick/Projects/gis/sern_simpcw_2023/ignore_mobile/photos/13903450/TimePhoto_20231003_135825_outlet.JPG,TimePhoto_20231003_135825_outlet.JPG,36
13903449,/Users/lucyschick/Projects/gis/sern_simpcw_2023/ignore_mobile/photos/13903449/20231003_142119_road.JPG,20231003_142119_road.JPG,24
13903449,/Users/lucyschick/Projects/gis/sern_simpcw_2023/ignore_mobile/photos/13903449/20231003_142122_barrel.JPG,20231003_142122_barrel.JPG,26
13903449,/Users/lucyschick/Projects/gis/sern_simpcw_2023/ignore_mobile/photos/13903449/20231003_142125_upstream.JPG,20231003_142125_upstream.JPG,28
13903449,/Users/lucyschick/Projects/gis/sern_simpcw_2023/ignore_mobile/photos/13903449/20231003_142136_inlet.JPG,20231003_142136_inlet.JPG,25
13903449,/Users/lucyschick/Projects/gis/sern_simpcw_2023/ignore_mobile/photos/13903449/20231003_142138_outlet.JPG,20231003_142138_outlet.JPG,26
13903449,/Users/lucyschick/Projects/gis/sern_simpcw_2023/ignore_mobile/photos/13903449/20231003_142145_downstream.JPG,20231003_142145_downstream.JPG,30
13903449,/Users/lucyschick/Projects/gis/sern_simpcw_2023/ignore_mobile/photos/13903449/20231003_142152_inletguard.JPG,20231003_142152_inletguard.JPG,30
13903449,/Users/lucyschick/Projects/gis/sern_simpcw_2023/ignore_mobile/photos/13903449/20231003_142255_card.JPG,20231003_142255_card.JPG,24
2023100301,/Users/lucyschick/Projects/gis/sern_simpcw_2023/ignore_mobile/photos/2023100301/20231003_145000_road.JPG,20231003_145000_road.JPG,24
2023100301,/Users/lucyschick/Projects/gis/sern_simpcw_2023/ignore_mobile/photos/2023100301/20231003_145002_barrel.JPG,20231003_145002_barrel.JPG,26
2023100301,/Users/lucyschick/Projects/gis/sern_simpcw_2023/ignore_mobile/photos/2023100301/20231003_145012_upstream.JPG,20231003_145012_upstream.JPG,28
2023100301,/Users/lucyschick/Projects/gis/sern_simpcw_2023/ignore_mobile/photos/2023100301/20231003_145019_inlet.JPG,20231003_145019_inlet.JPG,25
2023100301,/Users/lucyschick/Projects/gis/sern_simpcw_2023/ignore_mobile/photos/2023100301/20231003_145024_outlet.JPG,20231003_145024_outlet.JPG,26
2023100301,/Users/lucyschick/Projects/gis/sern_simpcw_2023/ignore_mobile/photos/2023100301/20231003_145027_downstream.JPG,20231003_145027_downstream.JPG,30
2023100301,/Users/lucyschick/Projects/gis/sern_simpcw_2023/ignore_mobile/photos/2023100301/20231003_145045_card.JPG,20231003_145045_card.JPG,24
13900252,/Users/lucyschick/Projects/gis/sern_simpcw_2023/ignore_mobile/photos/13900252/TimePhoto_20231003_144306_road.JPG,TimePhoto_20231003_144306_road.JPG,34
13900252,/Users/lucyschick/Projects/gis/sern_simpcw_2023/ignore_mobile/photos/13900252/TimePhoto_20231003_144408_inlet.JPG,TimePhoto_20231003_144408_inlet.JPG,35
13900252,/Users/lucyschick/Projects/gis/sern_simpcw_2023/ignore_mobile/photos/13900252/TimePhoto_20231003_144421_upstream.JPG,TimePhoto_20231003_144421_upstream.JPG,38
13900252,/Users/lucyschick/Projects/gis/sern_simpcw_2023/ignore_mobile/photos/13900252/TimePhoto_20231003_144442_barrel.JPG,TimePhoto_20231003_144442_barrel.JPG,36
13900252,/Users/lucyschick/Projects/gis/sern_simpcw_2023/ignore_mobile/photos/13900252/TimePhoto_20231003_144758_downstream.JPG,TimePhoto_20231003_144758_downstream.JPG,40
13900252,/Users/lucyschick/Projects/gis/sern_simpcw_2023/ignore_mobile/photos/13900252/TimePhoto_20231003_144808_outlet.JPG,TimePhoto_20231003_144808_outlet.JPG,36
13900252,/Users/lucyschick/Projects/gis/sern_simpcw_2023/ignore_mobile/photos/13900252/TimePhoto_20231003_144816_outlet2.JPG,TimePhoto_20231003_144816_outlet2.JPG,37
13900252,/Users/lucyschick/Projects/gis/sern_simpcw_2023/ignore_mobile/photos/13900252/TimePhoto_20231003_145421_inlet2.JPG,TimePhoto_20231003_145421_inlet2.JPG,36
13900052,/Users/lucyschick/Projects/gis/sern_simpcw_2023/ignore_mobile/photos/13900052/TimePhoto_20231003_152526_road.JPG,TimePhoto_20231003_152526_road.JPG,34
13900052,/Users/lucyschick/Projects/gis/sern_simpcw_2023/ignore_mobile/photos/13900052/TimePhoto_20231003_152729_outlet.JPG,TimePhoto_20231003_152729_outlet.JPG,36
13900052,/Users/lucyschick/Projects/gis/sern_simpcw_2023/ignore_mobile/photos/13900052/TimePhoto_20231003_152738_downstream.JPG,TimePhoto_20231003_152738_downstream.JPG,40
13900052,/Users/lucyschick/Projects/gis/sern_simpcw_2023/ignore_mobile/photos/13900052/TimePhoto_20231003_152750_barrel.JPG,TimePhoto_20231003_152750_barrel.JPG,36
13900052,/Users/lucyschick/Projects/gis/sern_simpcw_2023/ignore_mobile/photos/13900052/TimePhoto_20231003_153228_inlet.JPG,TimePhoto_20231003_153228_inlet.JPG,35
13900052,/Users/lucyschick/Projects/gis/sern_simpcw_2023/ignore_mobile/photos/13900052/TimePhoto_20231003_153312_upstream.JPG,TimePhoto_20231003_153312_upstream.JPG,38
13905385,/Users/lucyschick/Projects/gis/sern_simpcw_2023/ignore_mobile/photos/13905385/20231003_153441_road.JPG,20231003_153441_road.JPG,24
13905385,/Users/lucyschick/Projects/gis/sern_simpcw_2023/ignore_mobile/photos/13905385/20231003_153448_barrel.JPG,20231003_153448_barrel.JPG,26
13905385,/Users/lucyschick/Projects/gis/sern_simpcw_2023/ignore_mobile/photos/13905385/20231003_153452_upstream.JPG,20231003_153452_upstream.JPG,28
13905385,/Users/lucyschick/Projects/gis/sern_simpcw_2023/ignore_mobile/photos/13905385/20231003_153459_inlet.JPG,20231003_153459_inlet.JPG,25
13905385,/Users/lucyschick/Projects/gis/sern_simpcw_2023/ignore_mobile/photos/13905385/20231003_153503_outlet.JPG,20231003_153503_outlet.JPG,26
13905385,/Users/lucyschick/Projects/gis/sern_simpcw_2023/ignore_mobile/photos/13905385/20231003_153509_downstream.JPG,20231003_153509_downstream.JPG,30
13905385,/Users/lucyschick/Projects/gis/sern_simpcw_2023/ignore_mobile/photos/13905385/20231003_153525_card.JPG,20231003_153525_card.JPG,24
13905581,/Users/lucyschick/Projects/gis/sern_simpcw_2023/ignore_mobile/photos/13905581/no_photo_barrel.JPG,no_photo_barrel.JPG,19
13905581,/Users/lucyschick/Projects/gis/sern_simpcw_2023/ignore_mobile/photos/13905581/TimePhoto_20231003_155842_road.JPG,TimePhoto_20231003_155842_road.JPG,34
13905581,/Users/lucyschick/Projects/gis/sern_simpcw_2023/ignore_mobile/photos/13905581/TimePhoto_20231003_160502_outlet.JPG,TimePhoto_20231003_160502_outlet.JPG,36
13905581,/Users/lucyschick/Projects/gis/sern_simpcw_2023/ignore_mobile/photos/13905581/TimePhoto_20231003_160503_downstream.JPG,TimePhoto_20231003_160503_downstream.JPG,40
13905581,/Users/lucyschick/Projects/gis/sern_simpcw_2023/ignore_mobile/photos/13905581/TimePhoto_20231003_160553_inlet.JPG,TimePhoto_20231003_160553_inlet.JPG,35
13905581,/Users/lucyschick/Projects/gis/sern_simpcw_2023/ignore_mobile/photos/13905581/TimePhoto_20231003_160616_upstream.JPG,TimePhoto_20231003_160616_upstream.JPG,38
13900094,/Users/lucyschick/Projects/gis/sern_simpcw_2023/ignore_mobile/photos/13900094/20231003_162111_road.JPG,20231003_162111_road.JPG,24
13900094,/Users/lucyschick/Projects/gis/sern_simpcw_2023/ignore_mobile/photos/13900094/20231003_162113_barrel.JPG,20231003_162113_barrel.JPG,26
13900094,/Users/lucyschick/Projects/gis/sern_simpcw_2023/ignore_mobile/photos/13900094/20231003_162117_upstream.JPG,20231003_162117_upstream.JPG,28
13900094,/Users/lucyschick/Projects/gis/sern_simpcw_2023/ignore_mobile/photos/13900094/20231003_162121_inlet.JPG,20231003_162121_inlet.JPG,25
13900094,/Users/lucyschick/Projects/gis/sern_simpcw_2023/ignore_mobile/photos/13900094/20231003_162124_outlet.JPG,20231003_162124_outlet.JPG,26
13900094,/Users/lucyschick/Projects/gis/sern_simpcw_2023/ignore_mobile/photos/13900094/20231003_162128_downstream.JPG,20231003_162128_downstream.JPG,30
13900094,/Users/lucyschick/Projects/gis/sern_simpcw_2023/ignore_mobile/photos/13900094/20231003_162150_card.JPG,20231003_162150_card.JPG,24
13903446,/Users/lucyschick/Projects/gis/sern_simpcw_2023/ignore_mobile/photos/13903446/20231003_164107_road.JPG,20231003_164107_road.JPG,24
13903446,/Users/lucyschick/Projects/gis/sern_simpcw_2023/ignore_mobile/photos/13903446/20231003_164110_barrel.JPG,20231003_164110_barrel.JPG,26
13903446,/Users/lucyschick/Projects/gis/sern_simpcw_2023/ignore_mobile/photos/13903446/20231003_164118_upstream.JPG,20231003_164118_upstream.JPG,28
13903446,/Users/lucyschick/Projects/gis/sern_simpcw_2023/ignore_mobile/photos/13903446/20231003_164121_inlet.JPG,20231003_164121_inlet.JPG,25
13903446,/Users/lucyschick/Projects/gis/sern_simpcw_2023/ignore_mobile/photos/13903446/20231003_164125_outlet.JPG,20231003_164125_outlet.JPG,26
13903446,/Users/lucyschick/Projects/gis/sern_simpcw_2023/ignore_mobile/photos/13903446/20231003_164128_downstream.JPG,20231003_164128_downstream.JPG,30
13903446,/Users/lucyschick/Projects/gis/sern_simpcw_2023/ignore_mobile/photos/13903446/20231003_164143_card.JPG,20231003_164143_card.JPG,24
13900050,/Users/lucyschick/Projects/gis/sern_simpcw_2023/ignore_mobile/photos/13900050/TimePhoto_20231003_163258_road.JPG,TimePhoto_20231003_163258_road.JPG,34
13900050,/Users/lucyschick/Projects/gis/sern_simpcw_2023/ignore_mobile/photos/13900050/TimePhoto_20231003_163405_downstream.JPG,TimePhoto_20231003_163405_downstream.JPG,40
13900050,/Users/lucyschick/Projects/gis/sern_simpcw_2023/ignore_mobile/photos/13900050/TimePhoto_20231003_163454_outlet.JPG,TimePhoto_20231003_163454_outlet.JPG,36
13900050,/Users/lucyschick/Projects/gis/sern_simpcw_2023/ignore_mobile/photos/13900050/TimePhoto_20231003_163613_inlet.JPG,TimePhoto_20231003_163613_inlet.JPG,35
13900050,/Users/lucyschick/Projects/gis/sern_simpcw_2023/ignore_mobile/photos/13900050/TimePhoto_20231003_163624_barrel.JPG,TimePhoto_20231003_163624_barrel.JPG,36
13900050,/Users/lucyschick/Projects/gis/sern_simpcw_2023/ignore_mobile/photos/13900050/TimePhoto_20231003_163944_upstream.JPG,TimePhoto_20231003_163944_upstream.JPG,38
24715754,/Users/lucyschick/Projects/gis/sern_simpcw_2023/ignore_mobile/photos/24715754/20231003_170459_road.JPG,20231003_170459_road.JPG,24
24715754,/Users/lucyschick/Projects/gis/sern_simpcw_2023/ignore_mobile/photos/24715754/20231003_170503_barrel.JPG,20231003_170503_barrel.JPG,26
24715754,/Users/lucyschick/Projects/gis/sern_simpcw_2023/ignore_mobile/photos/24715754/20231003_170505_upstream.JPG,20231003_170505_upstream.JPG,28
24715754,/Users/lucyschick/Projects/gis/sern_simpcw_2023/ignore_mobile/photos/24715754/20231003_170509_inlet.JPG,20231003_170509_inlet.JPG,25
24715754,/Users/lucyschick/Projects/gis/sern_simpcw_2023/ignore_mobile/photos/24715754/20231003_170516_outlet.JPG,20231003_170516_outlet.JPG,26
24715754,/Users/lucyschick/Projects/gis/sern_simpcw_2023/ignore_mobile/photos/24715754/20231003_170518_downstream.JPG,20231003_170518_downstream.JPG,30
24715754,/Users/lucyschick/Projects/gis/sern_simpcw_2023/ignore_mobile/photos/24715754/20231003_171251_card.JPG,20231003_171251_card.JPG,24
13900043,/Users/lucyschick/Projects/gis/sern_simpcw_2023/ignore_mobile/photos/13900043/TimePhoto_20231003_171517_inlet.JPG,TimePhoto_20231003_171517_inlet.JPG,35
13900043,/Users/lucyschick/Projects/gis/sern_simpcw_2023/ignore_mobile/photos/13900043/TimePhoto_20231003_171551_barrel.JPG,TimePhoto_20231003_171551_barrel.JPG,36
13900043,/Users/lucyschick/Projects/gis/sern_simpcw_2023/ignore_mobile/photos/13900043/TimePhoto_20231003_171719_upstream.JPG,TimePhoto_20231003_171719_upstream.JPG,38
13900043,/Users/lucyschick/Projects/gis/sern_simpcw_2023/ignore_mobile/photos/13900043/TimePhoto_20231003_172225_road.JPG,TimePhoto_20231003_172225_road.JPG,34
13900043,/Users/lucyschick/Projects/gis/sern_simpcw_2023/ignore_mobile/photos/13900043/TimePhoto_20231003_173048_outlet.JPG,TimePhoto_20231003_173048_outlet.JPG,36
13900043,/Users/lucyschick/Projects/gis/sern_simpcw_2023/ignore_mobile/photos/13900043/TimePhoto_20231003_173308_downstream.JPG,TimePhoto_20231003_173308_downstream.JPG,40
13900283,/Users/lucyschick/Projects/gis/sern_simpcw_2023/ignore_mobile/photos/13900283/20231003_181409_road.JPG,20231003_181409_road.JPG,24
13900283,/Users/lucyschick/Projects/gis/sern_simpcw_2023/ignore_mobile/photos/13900283/20231003_181413_barrel.JPG,20231003_181413_barrel.JPG,26
13900283,/Users/lucyschick/Projects/gis/sern_simpcw_2023/ignore_mobile/photos/13900283/20231003_181417_upstream.JPG,20231003_181417_upstream.JPG,28
13900283,/Users/lucyschick/Projects/gis/sern_simpcw_2023/ignore_mobile/photos/13900283/20231003_181421_inlet.JPG,20231003_181421_inlet.JPG,25
13900283,/Users/lucyschick/Projects/gis/sern_simpcw_2023/ignore_mobile/photos/13900283/20231003_181425_outlet.JPG,20231003_181425_outlet.JPG,26
13900283,/Users/lucyschick/Projects/gis/sern_simpcw_2023/ignore_mobile/photos/13900283/20231003_181428_downstream.JPG,20231003_181428_downstream.JPG,30
13900283,/Users/lucyschick/Projects/gis/sern_simpcw_2023/ignore_mobile/photos/13900283/20231003_181453_card.JPG,20231003_181453_card.JPG,24
13903617,/Users/lucyschick/Projects/gis/sern_simpcw_2023/ignore_mobile/photos/13903617/20231004_095318_road.JPG,20231004_095318_road.JPG,24
13903617,/Users/lucyschick/Projects/gis/sern_simpcw_2023/ignore_mobile/photos/13903617/20231004_095322_barrel.JPG,20231004_095322_barrel.JPG,26
13903617,/Users/lucyschick/Projects/gis/sern_simpcw_2023/ignore_mobile/photos/13903617/20231004_095326_upstream.JPG,20231004_095326_upstream.JPG,28
13903617,/Users/lucyschick/Projects/gis/sern_simpcw_2023/ignore_mobile/photos/13903617/20231004_095333_inlet.JPG,20231004_095333_inlet.JPG,25
13903617,/Users/lucyschick/Projects/gis/sern_simpcw_2023/ignore_mobile/photos/13903617/20231004_095336_outlet.JPG,20231004_095336_outlet.JPG,26
13903617,/Users/lucyschick/Projects/gis/sern_simpcw_2023/ignore_mobile/photos/13903617/20231004_095343_downstream.JPG,20231004_095343_downstream.JPG,30
13903617,/Users/lucyschick/Projects/gis/sern_simpcw_2023/ignore_mobile/photos/13903617/20231004_095407_pool.JPG,20231004_095407_pool.JPG,24
13903617,/Users/lucyschick/Projects/gis/sern_simpcw_2023/ignore_mobile/photos/13903617/20231004_095416_gravel.JPG,20231004_095416_gravel.JPG,26
13903627,/Users/lucyschick/Projects/gis/sern_simpcw_2023/ignore_mobile/photos/13903627/TimePhoto_20231004_092713_road.JPG,TimePhoto_20231004_092713_road.JPG,34
13903627,/Users/lucyschick/Projects/gis/sern_simpcw_2023/ignore_mobile/photos/13903627/TimePhoto_20231004_093006_outlet.JPG,TimePhoto_20231004_093006_outlet.JPG,36
13903627,/Users/lucyschick/Projects/gis/sern_simpcw_2023/ignore_mobile/photos/13903627/TimePhoto_20231004_093019_downstream.JPG,TimePhoto_20231004_093019_downstream.JPG,40
13903627,/Users/lucyschick/Projects/gis/sern_simpcw_2023/ignore_mobile/photos/13903627/TimePhoto_20231004_093239_barrel.JPG,TimePhoto_20231004_093239_barrel.JPG,36
13903627,/Users/lucyschick/Projects/gis/sern_simpcw_2023/ignore_mobile/photos/13903627/TimePhoto_20231004_093501_inlet.JPG,TimePhoto_20231004_093501_inlet.JPG,35
13903627,/Users/lucyschick/Projects/gis/sern_simpcw_2023/ignore_mobile/photos/13903627/TimePhoto_20231004_093550_upstream.JPG,TimePhoto_20231004_093550_upstream.JPG,38
13903627,/Users/lucyschick/Projects/gis/sern_simpcw_2023/ignore_mobile/photos/13903627/TimePhoto_20231004_093703_overflowpipe.JPG,TimePhoto_20231004_093703_overflowpipe.JPG,42
13903184,/Users/lucyschick/Projects/gis/sern_simpcw_2023/ignore_mobile/photos/13903184/TimePhoto_20231004_095634_road.JPG,TimePhoto_20231004_095634_road.JPG,34
13903184,/Users/lucyschick/Projects/gis/sern_simpcw_2023/ignore_mobile/photos/13903184/TimePhoto_20231004_095801_upstream.JPG,TimePhoto_20231004_095801_upstream.JPG,38
13903184,/Users/lucyschick/Projects/gis/sern_simpcw_2023/ignore_mobile/photos/13903184/TimePhoto_20231004_100239_inlet.JPG,TimePhoto_20231004_100239_inlet.JPG,35
13903184,/Users/lucyschick/Projects/gis/sern_simpcw_2023/ignore_mobile/photos/13903184/TimePhoto_20231004_100514_barrel.JPG,TimePhoto_20231004_100514_barrel.JPG,36
13903184,/Users/lucyschick/Projects/gis/sern_simpcw_2023/ignore_mobile/photos/13903184/TimePhoto_20231004_101131_outlet.JPG,TimePhoto_20231004_101131_outlet.JPG,36
13903184,/Users/lucyschick/Projects/gis/sern_simpcw_2023/ignore_mobile/photos/13903184/TimePhoto_20231004_101327_outletpool.JPG,TimePhoto_20231004_101327_outletpool.JPG,40
13903618,/Users/lucyschick/Projects/gis/sern_simpcw_2023/ignore_mobile/photos/13903618/20231004_102004_road.JPG,20231004_102004_road.JPG,24
13903618,/Users/lucyschick/Projects/gis/sern_simpcw_2023/ignore_mobile/photos/13903618/20231004_102006_barrel.JPG,20231004_102006_barrel.JPG,26
13903618,/Users/lucyschick/Projects/gis/sern_simpcw_2023/ignore_mobile/photos/13903618/20231004_102011_upstream.JPG,20231004_102011_upstream.JPG,28
13903618,/Users/lucyschick/Projects/gis/sern_simpcw_2023/ignore_mobile/photos/13903618/20231004_102016_inlet.JPG,20231004_102016_inlet.JPG,25
13903618,/Users/lucyschick/Projects/gis/sern_simpcw_2023/ignore_mobile/photos/13903618/20231004_102020_outlet.JPG,20231004_102020_outlet.JPG,26
13903618,/Users/lucyschick/Projects/gis/sern_simpcw_2023/ignore_mobile/photos/13903618/20231004_102023_downstream.JPG,20231004_102023_downstream.JPG,30
13903618,/Users/lucyschick/Projects/gis/sern_simpcw_2023/ignore_mobile/photos/13903618/20231004_102038_upstream2.JPG,20231004_102038_upstream2.JPG,29
13903618,/Users/lucyschick/Projects/gis/sern_simpcw_2023/ignore_mobile/photos/13903618/20231004_102100_na.JPG,20231004_102100_na.JPG,22
13903183,/Users/lucyschick/Projects/gis/sern_simpcw_2023/ignore_mobile/photos/13903183/20231004_105141_road.JPG,20231004_105141_road.JPG,24
13903183,/Users/lucyschick/Projects/gis/sern_simpcw_2023/ignore_mobile/photos/13903183/20231004_105143_barrel.JPG,20231004_105143_barrel.JPG,26
13903183,/Users/lucyschick/Projects/gis/sern_simpcw_2023/ignore_mobile/photos/13903183/20231004_105148_upstream.JPG,20231004_105148_upstream.JPG,28
13903183,/Users/lucyschick/Projects/gis/sern_simpcw_2023/ignore_mobile/photos/13903183/20231004_105155_inlet.JPG,20231004_105155_inlet.JPG,25
13903183,/Users/lucyschick/Projects/gis/sern_simpcw_2023/ignore_mobile/photos/13903183/20231004_105158_outlet.JPG,20231004_105158_outlet.JPG,26
13903183,/Users/lucyschick/Projects/gis/sern_simpcw_2023/ignore_mobile/photos/13903183/20231004_105209_downstream.JPG,20231004_105209_downstream.JPG,30
13903183,/Users/lucyschick/Projects/gis/sern_simpcw_2023/ignore_mobile/photos/13903183/20231004_105222_upstream2.JPG,20231004_105222_upstream2.JPG,29
13903183,/Users/lucyschick/Projects/gis/sern_simpcw_2023/ignore_mobile/photos/13903183/20231004_105230_card.JPG,20231004_105230_card.JPG,24
13900192,/Users/lucyschick/Projects/gis/sern_simpcw_2023/ignore_mobile/photos/13900192/TimePhoto_20231004_103945_road.JPG,TimePhoto_20231004_103945_road.JPG,34
13900192,/Users/lucyschick/Projects/gis/sern_simpcw_2023/ignore_mobile/photos/13900192/TimePhoto_20231004_104031_inlet.JPG,TimePhoto_20231004_104031_inlet.JPG,35
13900192,/Users/lucyschick/Projects/gis/sern_simpcw_2023/ignore_mobile/photos/13900192/TimePhoto_20231004_104050_barrel.JPG,TimePhoto_20231004_104050_barrel.JPG,36
13900192,/Users/lucyschick/Projects/gis/sern_simpcw_2023/ignore_mobile/photos/13900192/TimePhoto_20231004_104527_lwdjamus.JPG,TimePhoto_20231004_104527_lwdjamus.JPG,38
13900192,/Users/lucyschick/Projects/gis/sern_simpcw_2023/ignore_mobile/photos/13900192/TimePhoto_20231004_104655_upstream.JPG,TimePhoto_20231004_104655_upstream.JPG,38
13900192,/Users/lucyschick/Projects/gis/sern_simpcw_2023/ignore_mobile/photos/13900192/TimePhoto_20231004_105222_outlet.JPG,TimePhoto_20231004_105222_outlet.JPG,36
13900192,/Users/lucyschick/Projects/gis/sern_simpcw_2023/ignore_mobile/photos/13900192/TimePhoto_20231004_105825_downstream.JPG,TimePhoto_20231004_105825_downstream.JPG,40
13900261,/Users/lucyschick/Projects/gis/sern_simpcw_2023/ignore_mobile/photos/13900261/20231004_112142_road.JPG,20231004_112142_road.JPG,24
13900261,/Users/lucyschick/Projects/gis/sern_simpcw_2023/ignore_mobile/photos/13900261/20231004_112149_barrel.JPG,20231004_112149_barrel.JPG,26
13900261,/Users/lucyschick/Projects/gis/sern_simpcw_2023/ignore_mobile/photos/13900261/20231004_112155_upstream.JPG,20231004_112155_upstream.JPG,28
13900261,/Users/lucyschick/Projects/gis/sern_simpcw_2023/ignore_mobile/photos/13900261/20231004_112159_inlet.JPG,20231004_112159_inlet.JPG,25
13900261,/Users/lucyschick/Projects/gis/sern_simpcw_2023/ignore_mobile/photos/13900261/20231004_112202_outlet.JPG,20231004_112202_outlet.JPG,26
13900261,/Users/lucyschick/Projects/gis/sern_simpcw_2023/ignore_mobile/photos/13900261/20231004_112229_card.JPG,20231004_112229_card.JPG,24
13900261,/Users/lucyschick/Projects/gis/sern_simpcw_2023/ignore_mobile/photos/13900261/20231004_112432_downstream.JPG,20231004_112432_downstream.JPG,30
13900261,/Users/lucyschick/Projects/gis/sern_simpcw_2023/ignore_mobile/photos/13900261/20231004_112440_na.JPG,20231004_112440_na.JPG,22
13900260,/Users/lucyschick/Projects/gis/sern_simpcw_2023/ignore_mobile/photos/13900260/20231004_115558_road.JPG,20231004_115558_road.JPG,24
13900260,/Users/lucyschick/Projects/gis/sern_simpcw_2023/ignore_mobile/photos/13900260/20231004_115608_barrel.JPG,20231004_115608_barrel.JPG,26
13900260,/Users/lucyschick/Projects/gis/sern_simpcw_2023/ignore_mobile/photos/13900260/20231004_115618_upstream.JPG,20231004_115618_upstream.JPG,28
13900260,/Users/lucyschick/Projects/gis/sern_simpcw_2023/ignore_mobile/photos/13900260/20231004_115621_inlet.JPG,20231004_115621_inlet.JPG,25
13900260,/Users/lucyschick/Projects/gis/sern_simpcw_2023/ignore_mobile/photos/13900260/20231004_115626_outlet.JPG,20231004_115626_outlet.JPG,26
13900260,/Users/lucyschick/Projects/gis/sern_simpcw_2023/ignore_mobile/photos/13900260/20231004_115628_downstream.JPG,20231004_115628_downstream.JPG,30
13900260,/Users/lucyschick/Projects/gis/sern_simpcw_2023/ignore_mobile/photos/13900260/20231004_115638_upstream2.JPG,20231004_115638_upstream2.JPG,29
13900260,/Users/lucyschick/Projects/gis/sern_simpcw_2023/ignore_mobile/photos/13900260/20231004_115809_card.JPG,20231004_115809_card.JPG,24
13900193,/Users/lucyschick/Projects/gis/sern_simpcw_2023/ignore_mobile/photos/13900193/TimePhoto_20231004_111507_road.JPG,TimePhoto_20231004_111507_road.JPG,34
13900193,/Users/lucyschick/Projects/gis/sern_simpcw_2023/ignore_mobile/photos/13900193/TimePhoto_20231004_111948_inlet.JPG,TimePhoto_20231004_111948_inlet.JPG,35
13900193,/Users/lucyschick/Projects/gis/sern_simpcw_2023/ignore_mobile/photos/13900193/TimePhoto_20231004_112128_upstream.JPG,TimePhoto_20231004_112128_upstream.JPG,38
13900193,/Users/lucyschick/Projects/gis/sern_simpcw_2023/ignore_mobile/photos/13900193/TimePhoto_20231004_112612_barrel.JPG,TimePhoto_20231004_112612_barrel.JPG,36
13900193,/Users/lucyschick/Projects/gis/sern_simpcw_2023/ignore_mobile/photos/13900193/TimePhoto_20231004_112913_outlet.JPG,TimePhoto_20231004_112913_outlet.JPG,36
13900193,/Users/lucyschick/Projects/gis/sern_simpcw_2023/ignore_mobile/photos/13900193/TimePhoto_20231004_112945_downstream.JPG,TimePhoto_20231004_112945_downstream.JPG,40
13900265,/Users/lucyschick/Projects/gis/sern_simpcw_2023/ignore_mobile/photos/13900265/TimePhoto_20231004_115112_road.JPG,TimePhoto_20231004_115112_road.JPG,34
13900265,/Users/lucyschick/Projects/gis/sern_simpcw_2023/ignore_mobile/photos/13900265/TimePhoto_20231004_115325_outlet.JPG,TimePhoto_20231004_115325_outlet.JPG,36
13900265,/Users/lucyschick/Projects/gis/sern_simpcw_2023/ignore_mobile/photos/13900265/TimePhoto_20231004_115338_downstream.JPG,TimePhoto_20231004_115338_downstream.JPG,40
13900265,/Users/lucyschick/Projects/gis/sern_simpcw_2023/ignore_mobile/photos/13900265/TimePhoto_20231004_115604_barrel.JPG,TimePhoto_20231004_115604_barrel.JPG,36
13900265,/Users/lucyschick/Projects/gis/sern_simpcw_2023/ignore_mobile/photos/13900265/TimePhoto_20231004_120110_inlet.JPG,TimePhoto_20231004_120110_inlet.JPG,35
13900265,/Users/lucyschick/Projects/gis/sern_simpcw_2023/ignore_mobile/photos/13900265/TimePhoto_20231004_120122_ditchstream.JPG,TimePhoto_20231004_120122_ditchstream.JPG,41
13900265,/Users/lucyschick/Projects/gis/sern_simpcw_2023/ignore_mobile/photos/13900265/TimePhoto_20231004_120542_upstream.JPG,TimePhoto_20231004_120542_upstream.JPG,38
13900270,/Users/lucyschick/Projects/gis/sern_simpcw_2023/ignore_mobile/photos/13900270/TimePhoto_20231004_123002_road.JPG,TimePhoto_20231004_123002_road.JPG,34
13900270,/Users/lucyschick/Projects/gis/sern_simpcw_2023/ignore_mobile/photos/13900270/TimePhoto_20231004_123318_downstream.JPG,TimePhoto_20231004_123318_downstream.JPG,40
13900270,/Users/lucyschick/Projects/gis/sern_simpcw_2023/ignore_mobile/photos/13900270/TimePhoto_20231004_123347_outlet.JPG,TimePhoto_20231004_123347_outlet.JPG,36
13900270,/Users/lucyschick/Projects/gis/sern_simpcw_2023/ignore_mobile/photos/13900270/TimePhoto_20231004_123557_barrel.JPG,TimePhoto_20231004_123557_barrel.JPG,36
13900270,/Users/lucyschick/Projects/gis/sern_simpcw_2023/ignore_mobile/photos/13900270/TimePhoto_20231004_124159_upstream.JPG,TimePhoto_20231004_124159_upstream.JPG,38
13900270,/Users/lucyschick/Projects/gis/sern_simpcw_2023/ignore_mobile/photos/13900270/TimePhoto_20231004_124212_inletpic2.JPG,TimePhoto_20231004_124212_inletpic2.JPG,39
13900270,/Users/lucyschick/Projects/gis/sern_simpcw_2023/ignore_mobile/photos/13900270/TimePhoto_20231004_124249_inlet.JPG,TimePhoto_20231004_124249_inlet.JPG,35
13900196,/Users/lucyschick/Projects/gis/sern_simpcw_2023/ignore_mobile/photos/13900196/20231004_130149_road.JPG,20231004_130149_road.JPG,24
13900196,/Users/lucyschick/Projects/gis/sern_simpcw_2023/ignore_mobile/photos/13900196/20231004_130152_barrel.JPG,20231004_130152_barrel.JPG,26
13900196,/Users/lucyschick/Projects/gis/sern_simpcw_2023/ignore_mobile/photos/13900196/20231004_130158_upstream.JPG,20231004_130158_upstream.JPG,28
13900196,/Users/lucyschick/Projects/gis/sern_simpcw_2023/ignore_mobile/photos/13900196/20231004_130204_inlet.JPG,20231004_130204_inlet.JPG,25
13900196,/Users/lucyschick/Projects/gis/sern_simpcw_2023/ignore_mobile/photos/13900196/20231004_130210_outlet.JPG,20231004_130210_outlet.JPG,26
13900196,/Users/lucyschick/Projects/gis/sern_simpcw_2023/ignore_mobile/photos/13900196/20231004_130221_downstream.JPG,20231004_130221_downstream.JPG,30
13900196,/Users/lucyschick/Projects/gis/sern_simpcw_2023/ignore_mobile/photos/13900196/20231004_130229_hydrometric.JPG,20231004_130229_hydrometric.JPG,31
13900196,/Users/lucyschick/Projects/gis/sern_simpcw_2023/ignore_mobile/photos/13900196/20231004_130336_card.JPG,20231004_130336_card.JPG,24
13900198,/Users/lucyschick/Projects/gis/sern_simpcw_2023/ignore_mobile/photos/13900198/TimePhoto_20231004_130535_road.JPG,TimePhoto_20231004_130535_road.JPG,34
13900198,/Users/lucyschick/Projects/gis/sern_simpcw_2023/ignore_mobile/photos/13900198/TimePhoto_20231004_131518_inlet.JPG,TimePhoto_20231004_131518_inlet.JPG,35
13900198,/Users/lucyschick/Projects/gis/sern_simpcw_2023/ignore_mobile/photos/13900198/TimePhoto_20231004_131642_upstream.JPG,TimePhoto_20231004_131642_upstream.JPG,38
13900198,/Users/lucyschick/Projects/gis/sern_simpcw_2023/ignore_mobile/photos/13900198/TimePhoto_20231004_132736_outlet.JPG,TimePhoto_20231004_132736_outlet.JPG,36
13900198,/Users/lucyschick/Projects/gis/sern_simpcw_2023/ignore_mobile/photos/13900198/TimePhoto_20231004_132808_barrel.JPG,TimePhoto_20231004_132808_barrel.JPG,36
13900198,/Users/lucyschick/Projects/gis/sern_simpcw_2023/ignore_mobile/photos/13900198/TimePhoto_20231004_132901_downstream.JPG,TimePhoto_20231004_132901_downstream.JPG,40
13903179,/Users/lucyschick/Projects/gis/sern_simpcw_2023/ignore_mobile/photos/13903179/20231004_141857_road.JPG,20231004_141857_road.JPG,24
13903179,/Users/lucyschick/Projects/gis/sern_simpcw_2023/ignore_mobile/photos/13903179/20231004_141918_barrel.JPG,20231004_141918_barrel.JPG,26
13903179,/Users/lucyschick/Projects/gis/sern_simpcw_2023/ignore_mobile/photos/13903179/20231004_141926_upstream.JPG,20231004_141926_upstream.JPG,28
13903179,/Users/lucyschick/Projects/gis/sern_simpcw_2023/ignore_mobile/photos/13903179/20231004_141935_inlet.JPG,20231004_141935_inlet.JPG,25
13903179,/Users/lucyschick/Projects/gis/sern_simpcw_2023/ignore_mobile/photos/13903179/20231004_141940_outlet.JPG,20231004_141940_outlet.JPG,26
13903179,/Users/lucyschick/Projects/gis/sern_simpcw_2023/ignore_mobile/photos/13903179/20231004_141951_downstream.JPG,20231004_141951_downstream.JPG,30
13903179,/Users/lucyschick/Projects/gis/sern_simpcw_2023/ignore_mobile/photos/13903179/20231004_141958_barreloverflow.JPG,20231004_141958_barreloverflow.JPG,34
13903179,/Users/lucyschick/Projects/gis/sern_simpcw_2023/ignore_mobile/photos/13903179/20231004_142110_card.JPG,20231004_142110_card.JPG,24
13900200,/Users/lucyschick/Projects/gis/sern_simpcw_2023/ignore_mobile/photos/13900200/no_photo_inlet.JPG,no_photo_inlet.JPG,18
13900200,/Users/lucyschick/Projects/gis/sern_simpcw_2023/ignore_mobile/photos/13900200/TimePhoto_20231004_135425_road.JPG,TimePhoto_20231004_135425_road.JPG,34
13900200,/Users/lucyschick/Projects/gis/sern_simpcw_2023/ignore_mobile/photos/13900200/TimePhoto_20231004_135856_upstream.JPG,TimePhoto_20231004_135856_upstream.JPG,38
13900200,/Users/lucyschick/Projects/gis/sern_simpcw_2023/ignore_mobile/photos/13900200/TimePhoto_20231004_140317_outlet.JPG,TimePhoto_20231004_140317_outlet.JPG,36
13900200,/Users/lucyschick/Projects/gis/sern_simpcw_2023/ignore_mobile/photos/13900200/TimePhoto_20231004_140333_barrel.JPG,TimePhoto_20231004_140333_barrel.JPG,36
13900200,/Users/lucyschick/Projects/gis/sern_simpcw_2023/ignore_mobile/photos/13900200/TimePhoto_20231004_140405_downstream.JPG,TimePhoto_20231004_140405_downstream.JPG,40
13900053,/Users/lucyschick/Projects/gis/sern_simpcw_2023/ignore_mobile/photos/13900053/20231004_143948_road.JPG,20231004_143948_road.JPG,24
13900053,/Users/lucyschick/Projects/gis/sern_simpcw_2023/ignore_mobile/photos/13900053/20231004_143959_upstream.JPG,20231004_143959_upstream.JPG,28
13900053,/Users/lucyschick/Projects/gis/sern_simpcw_2023/ignore_mobile/photos/13900053/20231004_144003_inlet.JPG,20231004_144003_inlet.JPG,25
13900053,/Users/lucyschick/Projects/gis/sern_simpcw_2023/ignore_mobile/photos/13900053/20231004_144005_outlet.JPG,20231004_144005_outlet.JPG,26
13900053,/Users/lucyschick/Projects/gis/sern_simpcw_2023/ignore_mobile/photos/13900053/20231004_144009_downstream.JPG,20231004_144009_downstream.JPG,30
13900053,/Users/lucyschick/Projects/gis/sern_simpcw_2023/ignore_mobile/photos/13900053/20231004_144013_condition.JPG,20231004_144013_condition.JPG,29
13900053,/Users/lucyschick/Projects/gis/sern_simpcw_2023/ignore_mobile/photos/13900053/20231004_144219_logs.JPG,20231004_144219_logs.JPG,24
13900053,/Users/lucyschick/Projects/gis/sern_simpcw_2023/ignore_mobile/photos/13900053/20231004_144246_card.JPG,20231004_144246_card.JPG,24
13900053,/Users/lucyschick/Projects/gis/sern_simpcw_2023/ignore_mobile/photos/13900053/no_photo_barrel.JPG,no_photo_barrel.JPG,19
13900201,/Users/lucyschick/Projects/gis/sern_simpcw_2023/ignore_mobile/photos/13900201/TimePhoto_20231004_142633_road.JPG,TimePhoto_20231004_142633_road.JPG,34
13900201,/Users/lucyschick/Projects/gis/sern_simpcw_2023/ignore_mobile/photos/13900201/TimePhoto_20231004_142916_beaverdam.JPG,TimePhoto_20231004_142916_beaverdam.JPG,39
13900201,/Users/lucyschick/Projects/gis/sern_simpcw_2023/ignore_mobile/photos/13900201/TimePhoto_20231004_142957_inlet.JPG,TimePhoto_20231004_142957_inlet.JPG,35
13900201,/Users/lucyschick/Projects/gis/sern_simpcw_2023/ignore_mobile/photos/13900201/TimePhoto_20231004_143157_barrel.JPG,TimePhoto_20231004_143157_barrel.JPG,36
13900201,/Users/lucyschick/Projects/gis/sern_simpcw_2023/ignore_mobile/photos/13900201/TimePhoto_20231004_143718_upstream.JPG,TimePhoto_20231004_143718_upstream.JPG,38
13900201,/Users/lucyschick/Projects/gis/sern_simpcw_2023/ignore_mobile/photos/13900201/TimePhoto_20231004_144839_downstream.JPG,TimePhoto_20231004_144839_downstream.JPG,40
13900201,/Users/lucyschick/Projects/gis/sern_simpcw_2023/ignore_mobile/photos/13900201/TimePhoto_20231004_145203_outlet.JPG,TimePhoto_20231004_145203_outlet.JPG,36
13900157,/Users/lucyschick/Projects/gis/sern_simpcw_2023/ignore_mobile/photos/13900157/20231004_161909_road.JPG,20231004_161909_road.JPG,24
13900157,/Users/lucyschick/Projects/gis/sern_simpcw_2023/ignore_mobile/photos/13900157/20231004_161917_barrel.JPG,20231004_161917_barrel.JPG,26
13900157,/Users/lucyschick/Projects/gis/sern_simpcw_2023/ignore_mobile/photos/13900157/20231004_161922_upstream.JPG,20231004_161922_upstream.JPG,28
13900157,/Users/lucyschick/Projects/gis/sern_simpcw_2023/ignore_mobile/photos/13900157/20231004_161929_inlet.JPG,20231004_161929_inlet.JPG,25
13900157,/Users/lucyschick/Projects/gis/sern_simpcw_2023/ignore_mobile/photos/13900157/20231004_161933_outlet.JPG,20231004_161933_outlet.JPG,26
13900157,/Users/lucyschick/Projects/gis/sern_simpcw_2023/ignore_mobile/photos/13900157/20231004_161941_downstream.JPG,20231004_161941_downstream.JPG,30
13900157,/Users/lucyschick/Projects/gis/sern_simpcw_2023/ignore_mobile/photos/13900157/20231004_161959_embankment_fill.JPG,20231004_161959_embankment_fill.JPG,35
13900157,/Users/lucyschick/Projects/gis/sern_simpcw_2023/ignore_mobile/photos/13900157/20231004_162006_downstream2.JPG,20231004_162006_downstream2.JPG,31
13900157,/Users/lucyschick/Projects/gis/sern_simpcw_2023/ignore_mobile/photos/13900157/20231004_162031_na.JPG,20231004_162031_na.JPG,22
13900019,/Users/lucyschick/Projects/gis/sern_simpcw_2023/ignore_mobile/photos/13900019/TimePhoto_20231004_155945_road.JPG,TimePhoto_20231004_155945_road.JPG,34
13900019,/Users/lucyschick/Projects/gis/sern_simpcw_2023/ignore_mobile/photos/13900019/TimePhoto_20231004_160307_inlet.JPG,TimePhoto_20231004_160307_inlet.JPG,35
13900019,/Users/lucyschick/Projects/gis/sern_simpcw_2023/ignore_mobile/photos/13900019/TimePhoto_20231004_160538_barrel.JPG,TimePhoto_20231004_160538_barrel.JPG,36
13900019,/Users/lucyschick/Projects/gis/sern_simpcw_2023/ignore_mobile/photos/13900019/TimePhoto_20231004_161233_upstream.JPG,TimePhoto_20231004_161233_upstream.JPG,38
13900019,/Users/lucyschick/Projects/gis/sern_simpcw_2023/ignore_mobile/photos/13900019/TimePhoto_20231004_161840_outlet.JPG,TimePhoto_20231004_161840_outlet.JPG,36
13900019,/Users/lucyschick/Projects/gis/sern_simpcw_2023/ignore_mobile/photos/13900019/TimePhoto_20231004_162503_downstream.JPG,TimePhoto_20231004_162503_downstream.JPG,40
13900066,/Users/lucyschick/Projects/gis/sern_simpcw_2023/ignore_mobile/photos/13900066/20231004_172527_road.JPG,20231004_172527_road.JPG,24
13900066,/Users/lucyschick/Projects/gis/sern_simpcw_2023/ignore_mobile/photos/13900066/20231004_172531_barrel.JPG,20231004_172531_barrel.JPG,26
13900066,/Users/lucyschick/Projects/gis/sern_simpcw_2023/ignore_mobile/photos/13900066/20231004_172538_upstream.JPG,20231004_172538_upstream.JPG,28
13900066,/Users/lucyschick/Projects/gis/sern_simpcw_2023/ignore_mobile/photos/13900066/20231004_172543_inlet.JPG,20231004_172543_inlet.JPG,25
13900066,/Users/lucyschick/Projects/gis/sern_simpcw_2023/ignore_mobile/photos/13900066/20231004_172546_outlet.JPG,20231004_172546_outlet.JPG,26
13900066,/Users/lucyschick/Projects/gis/sern_simpcw_2023/ignore_mobile/photos/13900066/20231004_172549_downstream.JPG,20231004_172549_downstream.JPG,30
13900066,/Users/lucyschick/Projects/gis/sern_simpcw_2023/ignore_mobile/photos/13900066/20231004_172620_downstream2.JPG,20231004_172620_downstream2.JPG,31
13900066,/Users/lucyschick/Projects/gis/sern_simpcw_2023/ignore_mobile/photos/13900066/20231004_172632_card.JPG,20231004_172632_card.JPG,24
13900064,/Users/lucyschick/Projects/gis/sern_simpcw_2023/ignore_mobile/photos/13900064/TimePhoto_20231004_170347_road.JPG,TimePhoto_20231004_170347_road.JPG,34
13900064,/Users/lucyschick/Projects/gis/sern_simpcw_2023/ignore_mobile/photos/13900064/TimePhoto_20231004_170928_upstream.JPG,TimePhoto_20231004_170928_upstream.JPG,38
13900064,/Users/lucyschick/Projects/gis/sern_simpcw_2023/ignore_mobile/photos/13900064/TimePhoto_20231004_170950_inlet.JPG,TimePhoto_20231004_170950_inlet.JPG,35
13900064,/Users/lucyschick/Projects/gis/sern_simpcw_2023/ignore_mobile/photos/13900064/TimePhoto_20231004_171418_barrel.JPG,TimePhoto_20231004_171418_barrel.JPG,36
13900064,/Users/lucyschick/Projects/gis/sern_simpcw_2023/ignore_mobile/photos/13900064/TimePhoto_20231004_172525_outlet.JPG,TimePhoto_20231004_172525_outlet.JPG,36
13900064,/Users/lucyschick/Projects/gis/sern_simpcw_2023/ignore_mobile/photos/13900064/TimePhoto_20231004_172533_downstream.JPG,TimePhoto_20231004_172533_downstream.JPG,40
13900025,/Users/lucyschick/Projects/gis/sern_simpcw_2023/ignore_mobile/photos/13900025/TimePhoto_20231005_085616_road.JPG,TimePhoto_20231005_085616_road.JPG,34
13900025,/Users/lucyschick/Projects/gis/sern_simpcw_2023/ignore_mobile/photos/13900025/TimePhoto_20231005_085718_inlet.JPG,TimePhoto_20231005_085718_inlet.JPG,35
13900025,/Users/lucyschick/Projects/gis/sern_simpcw_2023/ignore_mobile/photos/13900025/TimePhoto_20231005_085743_barrel.JPG,TimePhoto_20231005_085743_barrel.JPG,36
13900025,/Users/lucyschick/Projects/gis/sern_simpcw_2023/ignore_mobile/photos/13900025/TimePhoto_20231005_090133_upstream.JPG,TimePhoto_20231005_090133_upstream.JPG,38
13900025,/Users/lucyschick/Projects/gis/sern_simpcw_2023/ignore_mobile/photos/13900025/TimePhoto_20231005_090825_outlet.JPG,TimePhoto_20231005_090825_outlet.JPG,36
13900025,/Users/lucyschick/Projects/gis/sern_simpcw_2023/ignore_mobile/photos/13900025/TimePhoto_20231005_090938_downstream.JPG,TimePhoto_20231005_090938_downstream.JPG,40
13903148,/Users/lucyschick/Projects/gis/sern_simpcw_2023/ignore_mobile/photos/13903148/TimePhoto_20231005_093052_outlet.JPG,TimePhoto_20231005_093052_outlet.JPG,36
13903148,/Users/lucyschick/Projects/gis/sern_simpcw_2023/ignore_mobile/photos/13903148/TimePhoto_20231005_093342_downstream.JPG,TimePhoto_20231005_093342_downstream.JPG,40
13903148,/Users/lucyschick/Projects/gis/sern_simpcw_2023/ignore_mobile/photos/13903148/TimePhoto_20231005_093630_inlet.JPG,TimePhoto_20231005_093630_inlet.JPG,35
13903148,/Users/lucyschick/Projects/gis/sern_simpcw_2023/ignore_mobile/photos/13903148/TimePhoto_20231005_093742_barrel.JPG,TimePhoto_20231005_093742_barrel.JPG,36
13903148,/Users/lucyschick/Projects/gis/sern_simpcw_2023/ignore_mobile/photos/13903148/TimePhoto_20231005_094047_upstream.JPG,TimePhoto_20231005_094047_upstream.JPG,38
13903148,/Users/lucyschick/Projects/gis/sern_simpcw_2023/ignore_mobile/photos/13903148/TimePhoto_20231005_094718_road.JPG,TimePhoto_20231005_094718_road.JPG,34
13900015,/Users/lucyschick/Projects/gis/sern_simpcw_2023/ignore_mobile/photos/13900015/TimePhoto_20231005_095541_road.JPG,TimePhoto_20231005_095541_road.JPG,34
13900015,/Users/lucyschick/Projects/gis/sern_simpcw_2023/ignore_mobile/photos/13900015/TimePhoto_20231005_095647_inlet.JPG,TimePhoto_20231005_095647_inlet.JPG,35
13900015,/Users/lucyschick/Projects/gis/sern_simpcw_2023/ignore_mobile/photos/13900015/TimePhoto_20231005_095712_barrel.JPG,TimePhoto_20231005_095712_barrel.JPG,36
13900015,/Users/lucyschick/Projects/gis/sern_simpcw_2023/ignore_mobile/photos/13900015/TimePhoto_20231005_095732_upstream.JPG,TimePhoto_20231005_095732_upstream.JPG,38
13900015,/Users/lucyschick/Projects/gis/sern_simpcw_2023/ignore_mobile/photos/13900015/TimePhoto_20231005_100220_outlet.JPG,TimePhoto_20231005_100220_outlet.JPG,36
13900015,/Users/lucyschick/Projects/gis/sern_simpcw_2023/ignore_mobile/photos/13900015/TimePhoto_20231005_100238_downstream.JPG,TimePhoto_20231005_100238_downstream.JPG,40
13900077,/Users/lucyschick/Projects/gis/sern_simpcw_2023/ignore_mobile/photos/13900077/TimePhoto_20231005_104112_road.JPG,TimePhoto_20231005_104112_road.JPG,34
13900077,/Users/lucyschick/Projects/gis/sern_simpcw_2023/ignore_mobile/photos/13900077/TimePhoto_20231005_104332_downstream.JPG,TimePhoto_20231005_104332_downstream.JPG,40
13900077,/Users/lucyschick/Projects/gis/sern_simpcw_2023/ignore_mobile/photos/13900077/TimePhoto_20231005_104345_outlet.JPG,TimePhoto_20231005_104345_outlet.JPG,36
13900077,/Users/lucyschick/Projects/gis/sern_simpcw_2023/ignore_mobile/photos/13900077/TimePhoto_20231005_104401_barrel.JPG,TimePhoto_20231005_104401_barrel.JPG,36
13900077,/Users/lucyschick/Projects/gis/sern_simpcw_2023/ignore_mobile/photos/13900077/TimePhoto_20231005_105114_inlet.JPG,TimePhoto_20231005_105114_inlet.JPG,35
13900077,/Users/lucyschick/Projects/gis/sern_simpcw_2023/ignore_mobile/photos/13900077/TimePhoto_20231005_105119_upstream.JPG,TimePhoto_20231005_105119_upstream.JPG,38
13900003,/Users/lucyschick/Projects/gis/sern_simpcw_2023/ignore_mobile/photos/13900003/TimePhoto_20231005_110210_road.JPG,TimePhoto_20231005_110210_road.JPG,34
13900003,/Users/lucyschick/Projects/gis/sern_simpcw_2023/ignore_mobile/photos/13900003/TimePhoto_20231005_110348_inlet.JPG,TimePhoto_20231005_110348_inlet.JPG,35
13900003,/Users/lucyschick/Projects/gis/sern_simpcw_2023/ignore_mobile/photos/13900003/TimePhoto_20231005_110423_upstream.JPG,TimePhoto_20231005_110423_upstream.JPG,38
13900003,/Users/lucyschick/Projects/gis/sern_simpcw_2023/ignore_mobile/photos/13900003/TimePhoto_20231005_111108_outlet.JPG,TimePhoto_20231005_111108_outlet.JPG,36
13900003,/Users/lucyschick/Projects/gis/sern_simpcw_2023/ignore_mobile/photos/13900003/TimePhoto_20231005_111158_downstream.JPG,TimePhoto_20231005_111158_downstream.JPG,40
13900003,/Users/lucyschick/Projects/gis/sern_simpcw_2023/ignore_mobile/photos/13900003/TimePhoto_20231005_111332_barrel.JPG,TimePhoto_20231005_111332_barrel.JPG,36
13900030,/Users/lucyschick/Projects/gis/sern_simpcw_2023/ignore_mobile/photos/13900030/TimePhoto_20231005_114229_road.JPG,TimePhoto_20231005_114229_road.JPG,34
13900030,/Users/lucyschick/Projects/gis/sern_simpcw_2023/ignore_mobile/photos/13900030/TimePhoto_20231005_114315_barrel.JPG,TimePhoto_20231005_114315_barrel.JPG,36
13900030,/Users/lucyschick/Projects/gis/sern_simpcw_2023/ignore_mobile/photos/13900030/TimePhoto_20231005_114329_inlet.JPG,TimePhoto_20231005_114329_inlet.JPG,35
13900030,/Users/lucyschick/Projects/gis/sern_simpcw_2023/ignore_mobile/photos/13900030/TimePhoto_20231005_114351_upstream.JPG,TimePhoto_20231005_114351_upstream.JPG,38
13900030,/Users/lucyschick/Projects/gis/sern_simpcw_2023/ignore_mobile/photos/13900030/TimePhoto_20231005_114433_downstream.JPG,TimePhoto_20231005_114433_downstream.JPG,40
13900030,/Users/lucyschick/Projects/gis/sern_simpcw_2023/ignore_mobile/photos/13900030/TimePhoto_20231005_114452_outlet.JPG,TimePhoto_20231005_114452_outlet.JPG,36
13900073,/Users/lucyschick/Projects/gis/sern_simpcw_2023/ignore_mobile/photos/13900073/TimePhoto_20231005_121947_road.JPG,TimePhoto_20231005_121947_road.JPG,34
13900073,/Users/lucyschick/Projects/gis/sern_simpcw_2023/ignore_mobile/photos/13900073/TimePhoto_20231005_122204_barrel.JPG,TimePhoto_20231005_122204_barrel.JPG,36
13900073,/Users/lucyschick/Projects/gis/sern_simpcw_2023/ignore_mobile/photos/13900073/TimePhoto_20231005_122353_outlet.JPG,TimePhoto_20231005_122353_outlet.JPG,36
13900073,/Users/lucyschick/Projects/gis/sern_simpcw_2023/ignore_mobile/photos/13900073/TimePhoto_20231005_122509_upstream.JPG,TimePhoto_20231005_122509_upstream.JPG,38
13900073,/Users/lucyschick/Projects/gis/sern_simpcw_2023/ignore_mobile/photos/13900073/TimePhoto_20231005_122523_inlet.JPG,TimePhoto_20231005_122523_inlet.JPG,35
13900073,/Users/lucyschick/Projects/gis/sern_simpcw_2023/ignore_mobile/photos/13900073/TimePhoto_20231005_122754_weirdownstream.JPG,TimePhoto_20231005_122754_weirdownstream.JPG,44
13900073,/Users/lucyschick/Projects/gis/sern_simpcw_2023/ignore_mobile/photos/13900073/TimePhoto_20231005_122822_downstream.JPG,TimePhoto_20231005_122822_downstream.JPG,40
13900012,/Users/lucyschick/Projects/gis/sern_simpcw_2023/ignore_mobile/photos/13900012/TimePhoto_20231005_124740_outlet.JPG,TimePhoto_20231005_124740_outlet.JPG,36
13900012,/Users/lucyschick/Projects/gis/sern_simpcw_2023/ignore_mobile/photos/13900012/TimePhoto_20231005_124756_downstream.JPG,TimePhoto_20231005_124756_downstream.JPG,40
13900012,/Users/lucyschick/Projects/gis/sern_simpcw_2023/ignore_mobile/photos/13900012/TimePhoto_20231005_125244_barrel.JPG,TimePhoto_20231005_125244_barrel.JPG,36
13900012,/Users/lucyschick/Projects/gis/sern_simpcw_2023/ignore_mobile/photos/13900012/TimePhoto_20231005_125512_inlet.JPG,TimePhoto_20231005_125512_inlet.JPG,35
13900012,/Users/lucyschick/Projects/gis/sern_simpcw_2023/ignore_mobile/photos/13900012/TimePhoto_20231005_125535_upstream.JPG,TimePhoto_20231005_125535_upstream.JPG,38
13900012,/Users/lucyschick/Projects/gis/sern_simpcw_2023/ignore_mobile/photos/13900012/TimePhoto_20231005_131631_road.JPG,TimePhoto_20231005_131631_road.JPG,34
22200151,/Users/lucyschick/Projects/gis/sern_simpcw_2023/ignore_mobile/photos/22200151/20231005_092601_road.JPG,20231005_092601_road.JPG,24
22200151,/Users/lucyschick/Projects/gis/sern_simpcw_2023/ignore_mobile/photos/22200151/20231005_092603_barrel.JPG,20231005_092603_barrel.JPG,26
22200151,/Users/lucyschick/Projects/gis/sern_simpcw_2023/ignore_mobile/photos/22200151/20231005_092607_upstream.JPG,20231005_092607_upstream.JPG,28
22200151,/Users/lucyschick/Projects/gis/sern_simpcw_2023/ignore_mobile/photos/22200151/20231005_092611_inlet.JPG,20231005_092611_inlet.JPG,25
22200151,/Users/lucyschick/Projects/gis/sern_simpcw_2023/ignore_mobile/photos/22200151/20231005_092614_outlet.JPG,20231005_092614_outlet.JPG,26
22200151,/Users/lucyschick/Projects/gis/sern_simpcw_2023/ignore_mobile/photos/22200151/20231005_092617_downstream.JPG,20231005_092617_downstream.JPG,30
22200151,/Users/lucyschick/Projects/gis/sern_simpcw_2023/ignore_mobile/photos/22200151/20231005_092638_card.JPG,20231005_092638_card.JPG,24
22200082,/Users/lucyschick/Projects/gis/sern_simpcw_2023/ignore_mobile/photos/22200082/20231005_094950_road.JPG,20231005_094950_road.JPG,24
22200082,/Users/lucyschick/Projects/gis/sern_simpcw_2023/ignore_mobile/photos/22200082/20231005_094953_barrel.JPG,20231005_094953_barrel.JPG,26
22200082,/Users/lucyschick/Projects/gis/sern_simpcw_2023/ignore_mobile/photos/22200082/20231005_094959_upstream.JPG,20231005_094959_upstream.JPG,28
22200082,/Users/lucyschick/Projects/gis/sern_simpcw_2023/ignore_mobile/photos/22200082/20231005_095003_inlet.JPG,20231005_095003_inlet.JPG,25
22200082,/Users/lucyschick/Projects/gis/sern_simpcw_2023/ignore_mobile/photos/22200082/20231005_095012_outlet.JPG,20231005_095012_outlet.JPG,26
22200082,/Users/lucyschick/Projects/gis/sern_simpcw_2023/ignore_mobile/photos/22200082/20231005_095015_downstream.JPG,20231005_095015_downstream.JPG,30
22200082,/Users/lucyschick/Projects/gis/sern_simpcw_2023/ignore_mobile/photos/22200082/20231005_095038_beaverdam.JPG,20231005_095038_beaverdam.JPG,29
22200082,/Users/lucyschick/Projects/gis/sern_simpcw_2023/ignore_mobile/photos/22200082/20231005_103126_upstreamwetland.JPG,20231005_103126_upstreamwetland.JPG,35
22200015,/Users/lucyschick/Projects/gis/sern_simpcw_2023/ignore_mobile/photos/22200015/20231005_113341_road.JPG,20231005_113341_road.JPG,24
22200015,/Users/lucyschick/Projects/gis/sern_simpcw_2023/ignore_mobile/photos/22200015/20231005_113346_barrel.JPG,20231005_113346_barrel.JPG,26
22200015,/Users/lucyschick/Projects/gis/sern_simpcw_2023/ignore_mobile/photos/22200015/20231005_113349_upstream.JPG,20231005_113349_upstream.JPG,28
22200015,/Users/lucyschick/Projects/gis/sern_simpcw_2023/ignore_mobile/photos/22200015/20231005_113353_inlet.JPG,20231005_113353_inlet.JPG,25
22200015,/Users/lucyschick/Projects/gis/sern_simpcw_2023/ignore_mobile/photos/22200015/20231005_113407_outlet.JPG,20231005_113407_outlet.JPG,26
22200015,/Users/lucyschick/Projects/gis/sern_simpcw_2023/ignore_mobile/photos/22200015/20231005_113413_downstream.JPG,20231005_113413_downstream.JPG,30
22200015,/Users/lucyschick/Projects/gis/sern_simpcw_2023/ignore_mobile/photos/22200015/20231005_113419_upstreamdam.JPG,20231005_113419_upstreamdam.JPG,31
22200015,/Users/lucyschick/Projects/gis/sern_simpcw_2023/ignore_mobile/photos/22200015/20231005_113439_downstreamdam.JPG,20231005_113439_downstreamdam.JPG,33
22200081,/Users/lucyschick/Projects/gis/sern_simpcw_2023/ignore_mobile/photos/22200081/20231005_121737_road.JPG,20231005_121737_road.JPG,24
22200081,/Users/lucyschick/Projects/gis/sern_simpcw_2023/ignore_mobile/photos/22200081/20231005_121834_barrel.JPG,20231005_121834_barrel.JPG,26
22200081,/Users/lucyschick/Projects/gis/sern_simpcw_2023/ignore_mobile/photos/22200081/20231005_121838_upstream.JPG,20231005_121838_upstream.JPG,28
22200081,/Users/lucyschick/Projects/gis/sern_simpcw_2023/ignore_mobile/photos/22200081/20231005_121846_inlet.JPG,20231005_121846_inlet.JPG,25
22200081,/Users/lucyschick/Projects/gis/sern_simpcw_2023/ignore_mobile/photos/22200081/20231005_121850_outlet.JPG,20231005_121850_outlet.JPG,26
22200081,/Users/lucyschick/Projects/gis/sern_simpcw_2023/ignore_mobile/photos/22200081/20231005_121854_downstream.JPG,20231005_121854_downstream.JPG,30
22200081,/Users/lucyschick/Projects/gis/sern_simpcw_2023/ignore_mobile/photos/22200081/20231005_121931_card.JPG,20231005_121931_card.JPG,24
22201951,/Users/lucyschick/Projects/gis/sern_simpcw_2023/ignore_mobile/photos/22201951/20231005_123420_road.JPG,20231005_123420_road.JPG,24
22201951,/Users/lucyschick/Projects/gis/sern_simpcw_2023/ignore_mobile/photos/22201951/20231005_123422_barrel.JPG,20231005_123422_barrel.JPG,26
22201951,/Users/lucyschick/Projects/gis/sern_simpcw_2023/ignore_mobile/photos/22201951/20231005_123427_upstream.JPG,20231005_123427_upstream.JPG,28
22201951,/Users/lucyschick/Projects/gis/sern_simpcw_2023/ignore_mobile/photos/22201951/20231005_123430_inlet.JPG,20231005_123430_inlet.JPG,25
22201951,/Users/lucyschick/Projects/gis/sern_simpcw_2023/ignore_mobile/photos/22201951/20231005_123435_outlet.JPG,20231005_123435_outlet.JPG,26
22201951,/Users/lucyschick/Projects/gis/sern_simpcw_2023/ignore_mobile/photos/22201951/20231005_123438_downstream.JPG,20231005_123438_downstream.JPG,30
22201951,/Users/lucyschick/Projects/gis/sern_simpcw_2023/ignore_mobile/photos/22201951/20231005_123504_untagged.JPG,20231005_123504_untagged.JPG,28
22201176,/Users/lucyschick/Projects/gis/sern_simpcw_2023/ignore_mobile/photos/22201176/20231005_132958_road.JPG,20231005_132958_road.JPG,24
22201176,/Users/lucyschick/Projects/gis/sern_simpcw_2023/ignore_mobile/photos/22201176/20231005_133000_barrel.JPG,20231005_133000_barrel.JPG,26
22201176,/Users/lucyschick/Projects/gis/sern_simpcw_2023/ignore_mobile/photos/22201176/20231005_133003_upstream.JPG,20231005_133003_upstream.JPG,28
22201176,/Users/lucyschick/Projects/gis/sern_simpcw_2023/ignore_mobile/photos/22201176/20231005_133426_inlet.JPG,20231005_133426_inlet.JPG,25
22201176,/Users/lucyschick/Projects/gis/sern_simpcw_2023/ignore_mobile/photos/22201176/20231005_133441_outlet.JPG,20231005_133441_outlet.JPG,26
22201176,/Users/lucyschick/Projects/gis/sern_simpcw_2023/ignore_mobile/photos/22201176/20231005_133446_downstream.JPG,20231005_133446_downstream.JPG,30
22201176,/Users/lucyschick/Projects/gis/sern_simpcw_2023/ignore_mobile/photos/22201176/20231005_133455_pipelinecascade.JPG,20231005_133455_pipelinecascade.JPG,35
22201176,/Users/lucyschick/Projects/gis/sern_simpcw_2023/ignore_mobile/photos/22201176/20231005_133509_naturalcascade.JPG,20231005_133509_naturalcascade.JPG,34
22200022,/Users/lucyschick/Projects/gis/sern_simpcw_2023/ignore_mobile/photos/22200022/TimePhoto_20231005_133234_road.JPG,TimePhoto_20231005_133234_road.JPG,34
22200022,/Users/lucyschick/Projects/gis/sern_simpcw_2023/ignore_mobile/photos/22200022/TimePhoto_20231005_133505_inlet.JPG,TimePhoto_20231005_133505_inlet.JPG,35
22200022,/Users/lucyschick/Projects/gis/sern_simpcw_2023/ignore_mobile/photos/22200022/TimePhoto_20231005_133512_upstream.JPG,TimePhoto_20231005_133512_upstream.JPG,38
22200022,/Users/lucyschick/Projects/gis/sern_simpcw_2023/ignore_mobile/photos/22200022/TimePhoto_20231005_133948_downstream.JPG,TimePhoto_20231005_133948_downstream.JPG,40
22200022,/Users/lucyschick/Projects/gis/sern_simpcw_2023/ignore_mobile/photos/22200022/TimePhoto_20231005_134123_outletembankment.JPG,TimePhoto_20231005_134123_outletembankment.JPG,46
22200022,/Users/lucyschick/Projects/gis/sern_simpcw_2023/ignore_mobile/photos/22200022/TimePhoto_20231005_134131_outlet.JPG,TimePhoto_20231005_134131_outlet.JPG,36
22200022,/Users/lucyschick/Projects/gis/sern_simpcw_2023/ignore_mobile/photos/22200022/TimePhoto_20231005_134209_barrel.JPG,TimePhoto_20231005_134209_barrel.JPG,36
22200075,/Users/lucyschick/Projects/gis/sern_simpcw_2023/ignore_mobile/photos/22200075/20231005_141506_road.JPG,20231005_141506_road.JPG,24
22200075,/Users/lucyschick/Projects/gis/sern_simpcw_2023/ignore_mobile/photos/22200075/20231005_141510_barrel.JPG,20231005_141510_barrel.JPG,26
22200075,/Users/lucyschick/Projects/gis/sern_simpcw_2023/ignore_mobile/photos/22200075/20231005_141515_upstream.JPG,20231005_141515_upstream.JPG,28
22200075,/Users/lucyschick/Projects/gis/sern_simpcw_2023/ignore_mobile/photos/22200075/20231005_141518_inlet.JPG,20231005_141518_inlet.JPG,25
22200075,/Users/lucyschick/Projects/gis/sern_simpcw_2023/ignore_mobile/photos/22200075/20231005_141522_outlet.JPG,20231005_141522_outlet.JPG,26
22200075,/Users/lucyschick/Projects/gis/sern_simpcw_2023/ignore_mobile/photos/22200075/20231005_141525_downstream.JPG,20231005_141525_downstream.JPG,30
22200075,/Users/lucyschick/Projects/gis/sern_simpcw_2023/ignore_mobile/photos/22200075/20231005_141540_embankment_fill.JPG,20231005_141540_embankment_fill.JPG,35
22200075,/Users/lucyschick/Projects/gis/sern_simpcw_2023/ignore_mobile/photos/22200075/20231005_141546_card.JPG,20231005_141546_card.JPG,24
22201218,/Users/lucyschick/Projects/gis/sern_simpcw_2023/ignore_mobile/photos/22201218/20231005_144338_road.JPG,20231005_144338_road.JPG,24
22201218,/Users/lucyschick/Projects/gis/sern_simpcw_2023/ignore_mobile/photos/22201218/20231005_144343_barrel.JPG,20231005_144343_barrel.JPG,26
22201218,/Users/lucyschick/Projects/gis/sern_simpcw_2023/ignore_mobile/photos/22201218/20231005_144409_inlet.JPG,20231005_144409_inlet.JPG,25
22201218,/Users/lucyschick/Projects/gis/sern_simpcw_2023/ignore_mobile/photos/22201218/20231005_144412_outlet.JPG,20231005_144412_outlet.JPG,26
22201218,/Users/lucyschick/Projects/gis/sern_simpcw_2023/ignore_mobile/photos/22201218/20231005_144415_downstream.JPG,20231005_144415_downstream.JPG,30
22201218,/Users/lucyschick/Projects/gis/sern_simpcw_2023/ignore_mobile/photos/22201218/20231005_144418_condition.JPG,20231005_144418_condition.JPG,29
22201218,/Users/lucyschick/Projects/gis/sern_simpcw_2023/ignore_mobile/photos/22201218/20231005_145100_card.JPG,20231005_145100_card.JPG,24
22201218,/Users/lucyschick/Projects/gis/sern_simpcw_2023/ignore_mobile/photos/22201218/20231005_145320_upstream.JPG,20231005_145320_upstream.JPG,28
22201229,/Users/lucyschick/Projects/gis/sern_simpcw_2023/ignore_mobile/photos/22201229/TimePhoto_20231005_142633_outlet.JPG,TimePhoto_20231005_142633_outlet.JPG,36
22201229,/Users/lucyschick/Projects/gis/sern_simpcw_2023/ignore_mobile/photos/22201229/TimePhoto_20231005_142655_downstream.JPG,TimePhoto_20231005_142655_downstream.JPG,40
22201229,/Users/lucyschick/Projects/gis/sern_simpcw_2023/ignore_mobile/photos/22201229/TimePhoto_20231005_142818_barrel.JPG,TimePhoto_20231005_142818_barrel.JPG,36
22201229,/Users/lucyschick/Projects/gis/sern_simpcw_2023/ignore_mobile/photos/22201229/TimePhoto_20231005_143314_road.JPG,TimePhoto_20231005_143314_road.JPG,34
22201229,/Users/lucyschick/Projects/gis/sern_simpcw_2023/ignore_mobile/photos/22201229/TimePhoto_20231005_143446_inlet.JPG,TimePhoto_20231005_143446_inlet.JPG,35
22201229,/Users/lucyschick/Projects/gis/sern_simpcw_2023/ignore_mobile/photos/22201229/TimePhoto_20231005_143709_upstream.JPG,TimePhoto_20231005_143709_upstream.JPG,38
22200029,/Users/lucyschick/Projects/gis/sern_simpcw_2023/ignore_mobile/photos/22200029/TimePhoto_20231005_151115_road.JPG,TimePhoto_20231005_151115_road.JPG,34
22200029,/Users/lucyschick/Projects/gis/sern_simpcw_2023/ignore_mobile/photos/22200029/TimePhoto_20231005_151200_outlet.JPG,TimePhoto_20231005_151200_outlet.JPG,36
22200029,/Users/lucyschick/Projects/gis/sern_simpcw_2023/ignore_mobile/photos/22200029/TimePhoto_20231005_151216_downstream.JPG,TimePhoto_20231005_151216_downstream.JPG,40
22200029,/Users/lucyschick/Projects/gis/sern_simpcw_2023/ignore_mobile/photos/22200029/TimePhoto_20231005_151636_inlet.JPG,TimePhoto_20231005_151636_inlet.JPG,35
22200029,/Users/lucyschick/Projects/gis/sern_simpcw_2023/ignore_mobile/photos/22200029/TimePhoto_20231005_151655_upstream.JPG,TimePhoto_20231005_151655_upstream.JPG,38
22200029,/Users/lucyschick/Projects/gis/sern_simpcw_2023/ignore_mobile/photos/22200029/TimePhoto_20231005_153139_barrel.JPG,TimePhoto_20231005_153139_barrel.JPG,36
22200061,/Users/lucyschick/Projects/gis/sern_simpcw_2023/ignore_mobile/photos/22200061/20231005_154207_road.JPG,20231005_154207_road.JPG,24
22200061,/Users/lucyschick/Projects/gis/sern_simpcw_2023/ignore_mobile/photos/22200061/20231005_154213_barrel.JPG,20231005_154213_barrel.JPG,26
22200061,/Users/lucyschick/Projects/gis/sern_simpcw_2023/ignore_mobile/photos/22200061/20231005_154219_upstream.JPG,20231005_154219_upstream.JPG,28
22200061,/Users/lucyschick/Projects/gis/sern_simpcw_2023/ignore_mobile/photos/22200061/20231005_154228_inlet.JPG,20231005_154228_inlet.JPG,25
22200061,/Users/lucyschick/Projects/gis/sern_simpcw_2023/ignore_mobile/photos/22200061/20231005_154231_outlet.JPG,20231005_154231_outlet.JPG,26
22200061,/Users/lucyschick/Projects/gis/sern_simpcw_2023/ignore_mobile/photos/22200061/20231005_154237_downstream.JPG,20231005_154237_downstream.JPG,30
22200061,/Users/lucyschick/Projects/gis/sern_simpcw_2023/ignore_mobile/photos/22200061/20231005_154248_barrel2down.JPG,20231005_154248_barrel2down.JPG,31
22200061,/Users/lucyschick/Projects/gis/sern_simpcw_2023/ignore_mobile/photos/22200061/20231005_154349_card.JPG,20231005_154349_card.JPG,24
22200067,/Users/lucyschick/Projects/gis/sern_simpcw_2023/ignore_mobile/photos/22200067/20231005_160706_road.JPG,20231005_160706_road.JPG,24
22200067,/Users/lucyschick/Projects/gis/sern_simpcw_2023/ignore_mobile/photos/22200067/20231005_160710_barrel.JPG,20231005_160710_barrel.JPG,26
22200067,/Users/lucyschick/Projects/gis/sern_simpcw_2023/ignore_mobile/photos/22200067/20231005_160717_upstream.JPG,20231005_160717_upstream.JPG,28
22200067,/Users/lucyschick/Projects/gis/sern_simpcw_2023/ignore_mobile/photos/22200067/20231005_160721_inlet.JPG,20231005_160721_inlet.JPG,25
22200067,/Users/lucyschick/Projects/gis/sern_simpcw_2023/ignore_mobile/photos/22200067/20231005_160724_outlet.JPG,20231005_160724_outlet.JPG,26
22200067,/Users/lucyschick/Projects/gis/sern_simpcw_2023/ignore_mobile/photos/22200067/20231005_160728_downstream.JPG,20231005_160728_downstream.JPG,30
22200067,/Users/lucyschick/Projects/gis/sern_simpcw_2023/ignore_mobile/photos/22200067/20231005_160736_condition.JPG,20231005_160736_condition.JPG,29
22200067,/Users/lucyschick/Projects/gis/sern_simpcw_2023/ignore_mobile/photos/22200067/20231005_160744_embankment_fill.JPG,20231005_160744_embankment_fill.JPG,35
22200067,/Users/lucyschick/Projects/gis/sern_simpcw_2023/ignore_mobile/photos/22200067/20231005_160748_embankment2.JPG,20231005_160748_embankment2.JPG,31
22200067,/Users/lucyschick/Projects/gis/sern_simpcw_2023/ignore_mobile/photos/22200067/20231005_160800_card.JPG,20231005_160800_card.JPG,24
22200051,/Users/lucyschick/Projects/gis/sern_simpcw_2023/ignore_mobile/photos/22200051/TimePhoto_20231005_155200_road.JPG,TimePhoto_20231005_155200_road.JPG,34
22200051,/Users/lucyschick/Projects/gis/sern_simpcw_2023/ignore_mobile/photos/22200051/TimePhoto_20231005_155234_downstream.JPG,TimePhoto_20231005_155234_downstream.JPG,40
22200051,/Users/lucyschick/Projects/gis/sern_simpcw_2023/ignore_mobile/photos/22200051/TimePhoto_20231005_155239_outlet.JPG,TimePhoto_20231005_155239_outlet.JPG,36
22200051,/Users/lucyschick/Projects/gis/sern_simpcw_2023/ignore_mobile/photos/22200051/TimePhoto_20231005_155252_barrel.JPG,TimePhoto_20231005_155252_barrel.JPG,36
22200051,/Users/lucyschick/Projects/gis/sern_simpcw_2023/ignore_mobile/photos/22200051/TimePhoto_20231005_155342_upstream.JPG,TimePhoto_20231005_155342_upstream.JPG,38
22200051,/Users/lucyschick/Projects/gis/sern_simpcw_2023/ignore_mobile/photos/22200051/TimePhoto_20231005_155357_inlet.JPG,TimePhoto_20231005_155357_inlet.JPG,35
